ep,lr,loss,acc,epoch,step,val_loss,val_acc,val_F1c,val_F1e
0.0030395137146115303,4.999999873689376e-05,3.2013444900512695,0.10030394792556763,0,0,,,,
0.006079027429223061,4.999999873689376e-05,1.3641937971115112,0.044510386884212494,0,1,,,,
0.009118541143834591,4.999999873689376e-05,0.37194108963012695,0.0,0,2,,,,
0.012158054858446121,4.999999873689376e-05,0.14731869101524353,0.0,0,3,,,,
0.015197568573057652,4.999999873689376e-05,0.1681470423936844,0.0,0,4,,,,
0.018237082287669182,4.999999873689376e-05,0.1584712117910385,0.0,0,5,,,,
0.021276595070958138,4.999999873689376e-05,0.17299547791481018,0.0,0,6,,,,
0.024316109716892242,4.999999873689376e-05,0.1944083571434021,0.0,0,7,,,,
0.027355622500181198,4.999999873689376e-05,0.1626579910516739,0.0,0,8,,,,
0.030395137146115303,4.999999873689376e-05,0.13454489409923553,0.0,0,9,,,,
0.03343465179204941,4.999999873689376e-05,0.15691180527210236,0.0,0,10,,,,
0.036474164575338364,4.999999873689376e-05,0.11413934081792831,0.0,0,11,,,,
0.03951367735862732,4.999999873689376e-05,0.12063214182853699,0.0,0,12,,,,
0.042553190141916275,4.999999873689376e-05,0.1073237881064415,0.0,0,13,,,,
0.04559270665049553,4.999999873689376e-05,0.11439311504364014,0.014970059506595135,0,14,,,,
0.048632219433784485,4.999999873689376e-05,0.12492735683917999,0.024875622242689133,0,15,,,,
0.05167173221707344,4.999999873689376e-05,0.10281477123498917,0.0027173913549631834,0,16,,,,
0.054711245000362396,4.999999873689376e-05,0.09368925541639328,0.0028248587623238564,0,17,,,,
0.05775076150894165,4.999999873689376e-05,0.09263263642787933,0.0,0,18,,,,
0.060790274292230606,4.999999873689376e-05,0.08617284148931503,0.0,0,19,,,,
0.06382978707551956,4.999999873689376e-05,0.11685846000909805,0.0,0,20,,,,
0.06686930358409882,4.999999873689376e-05,0.1041884794831276,0.0,0,21,,,,
0.06990881264209747,4.999999873689376e-05,0.0887741893529892,0.0,0,22,,,,
0.07294832915067673,4.999999873689376e-05,0.0808577612042427,0.027638191357254982,0,23,,,,
0.07598784565925598,4.999999873689376e-05,0.08351727575063705,0.125,0,24,,,,
0.07902735471725464,4.999999873689376e-05,0.08569476008415222,0.20202019810676575,0,25,,,,
0.08206687122583389,4.999999873689376e-05,0.0804319903254509,0.2764706015586853,0,26,,,,
0.08510638028383255,4.999999873689376e-05,0.07752852886915207,0.3093922734260559,0,27,,,,
0.0881458967924118,4.999999873689376e-05,0.07893576472997665,0.20155039429664612,0,28,,,,
0.09118541330099106,4.999999873689376e-05,0.06776922196149826,0.18207283318042755,0,29,,,,
0.09422492235898972,4.999999873689376e-05,0.062401480972766876,0.12462908029556274,0,30,,,,
0.09726443886756897,4.999999873689376e-05,0.06757856160402298,0.12244898080825806,0,31,,,,
0.09726443886756897,4.999999873689376e-05,,,0,31,0.08089016377925873,0.1926010400056839,31.470163463973783,6.622866296779341
0.10030394792556763,4.999999873689376e-05,0.05892438441514969,0.13375796377658844,0,32,,,,
0.10334346443414688,4.999999873689376e-05,0.09118571132421494,0.1898496299982071,0,33,,,,
0.10638298094272614,4.999999873689376e-05,0.056675415486097336,0.287709504365921,0,34,,,,
0.10942249000072479,4.999999873689376e-05,0.05738380551338196,0.3128834366798401,0,35,,,,
0.11246200650930405,4.999999873689376e-05,0.04765274375677109,0.4882943034172058,0,36,,,,
0.1155015230178833,4.999999873689376e-05,0.0767274722456932,0.3790697753429413,0,37,,,,
0.11854103207588196,4.999999873689376e-05,0.05620483681559563,0.42136499285697937,0,38,,,,
0.12158054858446121,4.999999873689376e-05,0.055402472615242004,0.4929971992969513,0,39,,,,
0.12462005764245987,4.999999873689376e-05,0.05405458062887192,0.4323529303073883,0,40,,,,
0.12765957415103912,4.999999873689376e-05,0.05696801096200943,0.4330143630504608,0,41,,,,
0.13069908320903778,4.999999873689376e-05,0.0425787977874279,0.4237918257713318,0,42,,,,
0.13373860716819763,4.999999873689376e-05,0.052379194647073746,0.4506666660308838,0,43,,,,
0.1367781162261963,4.999999873689376e-05,0.042854104191064835,0.4241486191749573,0,44,,,,
0.13981762528419495,4.999999873689376e-05,0.05300433561205864,0.37965261936187744,0,45,,,,
0.1428571492433548,4.999999873689376e-05,0.05109792202711105,0.38700565695762634,0,46,,,,
0.14589665830135345,4.999999873689376e-05,0.04309428110718727,0.4785100221633911,0,47,,,,
0.1489361673593521,4.999999873689376e-05,0.04300579056143761,0.4862385392189026,0,48,,,,
0.15197569131851196,4.999999873689376e-05,0.04469611123204231,0.4097859263420105,0,49,,,,
0.15501520037651062,4.999999873689376e-05,0.04180263355374336,0.557692289352417,0,50,,,,
0.15805470943450928,4.999999873689376e-05,0.03780778497457504,0.5485893487930298,0,51,,,,
0.16109421849250793,4.999999873689376e-05,0.051401156932115555,0.4639423191547394,0,52,,,,
0.16413374245166779,4.999999873689376e-05,0.04245384782552719,0.5643274784088135,0,53,,,,
0.16717325150966644,4.999999873689376e-05,0.03892507031559944,0.5204678177833557,0,54,,,,
0.1702127605676651,4.999999873689376e-05,0.05148058012127876,0.38242894411087036,0,55,,,,
0.17325228452682495,4.999999873689376e-05,0.03839867562055588,0.5289017558097839,0,56,,,,
0.1762917935848236,4.999999873689376e-05,0.04353998228907585,0.44102564454078674,0,57,,,,
0.17933130264282227,4.999999873689376e-05,0.04360537230968475,0.45604395866394043,0,58,,,,
0.18237082660198212,4.999999873689376e-05,0.03844323009252548,0.5517241358757019,0,59,,,,
0.18541033565998077,4.999999873689376e-05,0.037910159677267075,0.54347825050354,0,60,,,,
0.18844984471797943,4.999999873689376e-05,0.043486714363098145,0.6009501218795776,0,61,,,,
0.19148936867713928,4.999999873689376e-05,0.039355311542749405,0.5575916171073914,0,62,,,,
0.19452887773513794,4.999999873689376e-05,0.035031724721193314,0.5747800469398499,0,63,,,,
0.19452887773513794,4.999999873689376e-05,,,0,63,0.041695110499858856,0.6083895564079285,60.29126133059917,34.921699129598466
0.1975683867931366,4.999999873689376e-05,0.03430389612913132,0.522580623626709,0,64,,,,
0.20060789585113525,4.999999873689376e-05,0.0390440970659256,0.5665722489356995,0,65,,,,
0.2036474198102951,4.999999873689376e-05,0.044632356613874435,0.4399999976158142,0,66,,,,
0.20668692886829376,4.999999873689376e-05,0.033098287880420685,0.5868421196937561,0,67,,,,
0.20972643792629242,4.999999873689376e-05,0.03780831769108772,0.5281898975372314,0,68,,,,
0.21276596188545227,4.999999873689376e-05,0.035525932908058167,0.5569230914115906,0,69,,,,
0.21580547094345093,4.999999873689376e-05,0.04116634652018547,0.5710455775260925,0,70,,,,
0.21884498000144958,4.999999873689376e-05,0.036514755338430405,0.5837838053703308,0,71,,,,
0.22188450396060944,4.999999873689376e-05,0.03283386304974556,0.5780346989631653,0,72,,,,
0.2249240130186081,4.999999873689376e-05,0.03461945429444313,0.6281406879425049,0,73,,,,
0.22796352207660675,4.999999873689376e-05,0.034921616315841675,0.5963060855865479,0,74,,,,
0.2310030460357666,4.999999873689376e-05,0.036651983857154846,0.5995145440101624,0,75,,,,
0.23404255509376526,4.999999873689376e-05,0.023950716480612755,0.7092651724815369,0,76,,,,
0.23708206415176392,4.999999873689376e-05,0.033206772059202194,0.6023392081260681,0,77,,,,
0.24012157320976257,4.999999873689376e-05,0.028101958334445953,0.7122905254364014,0,78,,,,
0.24316109716892242,4.999999873689376e-05,0.032621610909700394,0.65625,0,79,,,,
0.24620060622692108,4.999999873689376e-05,0.0389021597802639,0.6825775504112244,0,80,,,,
0.24924011528491974,4.999999873689376e-05,0.03655233606696129,0.6117647290229797,0,81,,,,
0.2522796392440796,4.999999873689376e-05,0.03822605311870575,0.61654132604599,0,82,,,,
0.25531914830207825,4.999999873689376e-05,0.03502076119184494,0.6005290746688843,0,83,,,,
0.2583586573600769,4.999999873689376e-05,0.025327404960989952,0.6617646813392639,0,84,,,,
0.26139816641807556,4.999999873689376e-05,0.03134359419345856,0.6230769157409668,0,85,,,,
0.2644376754760742,4.999999873689376e-05,0.03295130282640457,0.6405063271522522,0,86,,,,
0.26747721433639526,4.999999873689376e-05,0.025320757180452347,0.7224080562591553,0,87,,,,
0.2705167233943939,4.999999873689376e-05,0.027614234015345573,0.6331169009208679,0,88,,,,
0.2735562324523926,4.999999873689376e-05,0.029741788282990456,0.7036011219024658,0,89,,,,
0.27659574151039124,4.999999873689376e-05,0.028808433562517166,0.7146974205970764,0,90,,,,
0.2796352505683899,4.999999873689376e-05,0.0251164510846138,0.6816901564598083,0,91,,,,
0.28267475962638855,4.999999873689376e-05,0.023169660940766335,0.6130136847496033,0,92,,,,
0.2857142984867096,4.999999873689376e-05,0.03410525619983673,0.5524861812591553,0,93,,,,
0.28875380754470825,4.999999873689376e-05,0.0204548928886652,0.6733333468437195,0,94,,,,
0.2917933166027069,4.999999873689376e-05,0.03000485897064209,0.6120689511299133,0,95,,,,
0.2917933166027069,4.999999873689376e-05,,,0,95,0.032203517854213715,0.7258313894271851,72.45116073851806,48.42133231600684
0.29483282566070557,4.999999873689376e-05,0.0227199774235487,0.7614378929138184,0,96,,,,
0.2978723347187042,4.999999873689376e-05,0.025845613330602646,0.7341772317886353,0,97,,,,
0.3009118437767029,4.999999873689376e-05,0.02377988211810589,0.7931034564971924,0,98,,,,
0.3039513826370239,4.999999873689376e-05,0.023963933810591698,0.7561728358268738,0,99,,,,
0.3069908916950226,4.999999873689376e-05,0.025420600548386574,0.6688963174819946,0,100,,,,
0.31003040075302124,4.999999873689376e-05,0.023609967902302742,0.6315789222717285,0,101,,,,
0.3130699098110199,4.999999873689376e-05,0.04209054633975029,0.5071428418159485,0,102,,,,
0.31610941886901855,4.999999873689376e-05,0.032521337270736694,0.6111111044883728,0,103,,,,
0.3191489279270172,4.999999873689376e-05,0.02535032480955124,0.7272727489471436,0,104,,,,
0.32218843698501587,4.999999873689376e-05,0.030558384954929352,0.7011834383010864,0,105,,,,
0.3252279758453369,4.999999873689376e-05,0.02473435364663601,0.7690058350563049,0,106,,,,
0.32826748490333557,4.999999873689376e-05,0.02910616807639599,0.7242268323898315,0,107,,,,
0.33130699396133423,4.999999873689376e-05,0.030438479036092758,0.7017114758491516,0,108,,,,
0.3343465030193329,4.999999873689376e-05,0.030105551704764366,0.6324999928474426,0,109,,,,
0.33738601207733154,4.999999873689376e-05,0.024335697293281555,0.658703088760376,0,110,,,,
0.3404255211353302,4.999999873689376e-05,0.02481325902044773,0.7250755429267883,0,111,,,,
0.34346505999565125,4.999999873689376e-05,0.022176211699843407,0.7156549692153931,0,112,,,,
0.3465045690536499,4.999999873689376e-05,0.025330372154712677,0.7029411792755127,0,113,,,,
0.34954407811164856,4.999999873689376e-05,0.029298782348632812,0.6685552597045898,0,114,,,,
0.3525835871696472,4.999999873689376e-05,0.02539527416229248,0.7346368432044983,0,115,,,,
0.3556230962276459,4.999999873689376e-05,0.020299475640058517,0.7777777910232544,0,116,,,,
0.35866260528564453,4.999999873689376e-05,0.022177770733833313,0.6813880205154419,0,117,,,,
0.3617021143436432,4.999999873689376e-05,0.021214846521615982,0.7243402004241943,0,118,,,,
0.36474165320396423,4.999999873689376e-05,0.029443804174661636,0.6858638525009155,0,119,,,,
0.3677811622619629,4.999999873689376e-05,0.030330952256917953,0.6979695558547974,0,120,,,,
0.37082067131996155,4.999999873689376e-05,0.030839325860142708,0.701265811920166,0,121,,,,
0.3738601803779602,4.999999873689376e-05,0.028181686997413635,0.6620498895645142,0,122,,,,
0.37689968943595886,4.999999873689376e-05,0.02680840529501438,0.68660968542099,0,123,,,,
0.3799391984939575,4.999999873689376e-05,0.024538172408938408,0.7169312238693237,0,124,,,,
0.38297873735427856,4.999999873689376e-05,0.032217297703027725,0.6114130616188049,0,125,,,,
0.3860182464122772,4.999999873689376e-05,0.02949470281600952,0.7470588088035583,0,126,,,,
0.3890577554702759,4.999999873689376e-05,0.027753518894314766,0.6581920981407166,0,127,,,,
0.3890577554702759,4.999999873689376e-05,,,0,127,0.02782546356320381,0.7746257781982422,77.91785154485756,55.312010683615675
0.39209726452827454,4.999999873689376e-05,0.02462121471762657,0.7089783549308777,0,128,,,,
0.3951367735862732,4.999999873689376e-05,0.026677442714571953,0.7611940503120422,0,129,,,,
0.39817628264427185,4.999999873689376e-05,0.023465266451239586,0.6951219439506531,0,130,,,,
0.4012157917022705,4.999999873689376e-05,0.02545204758644104,0.6947891116142273,0,131,,,,
0.40425533056259155,4.999999873689376e-05,0.018689537420868874,0.7650793790817261,0,132,,,,
0.4072948396205902,4.999999873689376e-05,0.020916791632771492,0.7362637519836426,0,133,,,,
0.41033434867858887,4.999999873689376e-05,0.025654884055256844,0.6952908635139465,0,134,,,,
0.4133738577365875,4.999999873689376e-05,0.016506340354681015,0.8045602440834045,0,135,,,,
0.4164133667945862,4.999999873689376e-05,0.0218896996229887,0.7541436553001404,0,136,,,,
0.41945287585258484,4.999999873689376e-05,0.027244407683610916,0.7189189195632935,0,137,,,,
0.4224924147129059,4.999999873689376e-05,0.019280530512332916,0.7674418687820435,0,138,,,,
0.42553192377090454,4.999999873689376e-05,0.01800462417304516,0.800000011920929,0,139,,,,
0.4285714328289032,4.999999873689376e-05,0.02227151393890381,0.7781155109405518,0,140,,,,
0.43161094188690186,4.999999873689376e-05,0.02427450753748417,0.7630208134651184,0,141,,,,
0.4346504509449005,4.999999873689376e-05,0.022974558174610138,0.7580645084381104,0,142,,,,
0.43768996000289917,4.999999873689376e-05,0.022684255614876747,0.7353760600090027,0,143,,,,
0.4407294690608978,4.999999873689376e-05,0.021196573972702026,0.7818697094917297,0,144,,,,
0.44376900792121887,4.999999873689376e-05,0.0236078929156065,0.7159090638160706,0,145,,,,
0.44680851697921753,4.999999873689376e-05,0.020574195310473442,0.7426035404205322,0,146,,,,
0.4498480260372162,4.999999873689376e-05,0.025000596418976784,0.7621483206748962,0,147,,,,
0.45288753509521484,4.999999873689376e-05,0.013487530872225761,0.7833333611488342,0,148,,,,
0.4559270441532135,4.999999873689376e-05,0.023678533732891083,0.8004866242408752,0,149,,,,
0.45896655321121216,4.999999873689376e-05,0.021394655108451843,0.737609326839447,0,150,,,,
0.4620060920715332,4.999999873689376e-05,0.029210500419139862,0.7334963083267212,0,151,,,,
0.46504560112953186,4.999999873689376e-05,0.02061459794640541,0.7956989407539368,0,152,,,,
0.4680851101875305,4.999999873689376e-05,0.02207455411553383,0.7374005317687988,0,153,,,,
0.4711246192455292,4.999999873689376e-05,0.023532500490546227,0.7518987059593201,0,154,,,,
0.47416412830352783,4.999999873689376e-05,0.02612311579287052,0.7009569406509399,0,155,,,,
0.4772036373615265,4.999999873689376e-05,0.023384621366858482,0.7560975551605225,0,156,,,,
0.48024314641952515,4.999999873689376e-05,0.021826421841979027,0.7225610017776489,0,157,,,,
0.4832826852798462,4.999999873689376e-05,0.02466430701315403,0.7448979616165161,0,158,,,,
0.48632219433784485,4.999999873689376e-05,0.02204838953912258,0.7783783674240112,0,159,,,,
0.48632219433784485,4.999999873689376e-05,,,0,159,0.024712538346648216,0.7958257794380188,81.36828894113003,59.415465240977205
0.4893617033958435,4.999999873689376e-05,0.019792616367340088,0.7577464580535889,0,160,,,,
0.49240121245384216,4.999999873689376e-05,0.019660666584968567,0.7469512224197388,0,161,,,,
0.4954407215118408,4.999999873689376e-05,0.022347239777445793,0.7865168452262878,0,162,,,,
0.4984802305698395,4.999999873689376e-05,0.01835815981030464,0.7606557607650757,0,163,,,,
0.5015197396278381,4.999999873689376e-05,0.024715159088373184,0.7707182168960571,0,164,,,,
0.5045592784881592,4.999999873689376e-05,0.01821005344390869,0.7806451320648193,0,165,,,,
0.5075987577438354,4.999999873689376e-05,0.017875203862786293,0.7483659982681274,0,166,,,,
0.5106382966041565,4.999999873689376e-05,0.020860526710748672,0.7835820913314819,0,167,,,,
0.5136778354644775,4.999999873689376e-05,0.018977826461195946,0.8418367505073547,0,168,,,,
0.5167173147201538,4.999999873689376e-05,0.017689013853669167,0.821052610874176,0,169,,,,
0.5197568535804749,4.999999873689376e-05,0.02131177857518196,0.7956989407539368,0,170,,,,
0.5227963328361511,4.999999873689376e-05,0.018091237172484398,0.7491961121559143,0,171,,,,
0.5258358716964722,4.999999873689376e-05,0.0227824654430151,0.7390109896659851,0,172,,,,
0.5288753509521484,4.999999873689376e-05,0.03162113204598427,0.7199074029922485,0,173,,,,
0.5319148898124695,4.999999873689376e-05,0.01741223968565464,0.8053097128868103,0,174,,,,
0.5349544286727905,4.999999873689376e-05,0.02177593484520912,0.8065326809883118,0,175,,,,
0.5379939079284668,4.999999873689376e-05,0.024481123313307762,0.7740384340286255,0,176,,,,
0.5410334467887878,4.999999873689376e-05,0.016378963366150856,0.8461538553237915,0,177,,,,
0.5440729260444641,4.999999873689376e-05,0.029242336750030518,0.7149758338928223,0,178,,,,
0.5471124649047852,4.999999873689376e-05,0.024051140993833542,0.7540983557701111,0,179,,,,
0.5501520037651062,4.999999873689376e-05,0.021069182083010674,0.7772020697593689,0,180,,,,
0.5531914830207825,4.999999873689376e-05,0.026986390352249146,0.6968973875045776,0,181,,,,
0.5562310218811035,4.999999873689376e-05,0.02242467924952507,0.8067885041236877,0,182,,,,
0.5592705011367798,4.999999873689376e-05,0.025713710114359856,0.7873831987380981,0,183,,,,
0.5623100399971008,4.999999873689376e-05,0.018892252817749977,0.7663230299949646,0,184,,,,
0.5653495192527771,4.999999873689376e-05,0.018538424745202065,0.6946107745170593,0,185,,,,
0.5683890581130981,4.999999873689376e-05,0.0228152796626091,0.6884273290634155,0,186,,,,
0.5714285969734192,4.999999873689376e-05,0.02263086847960949,0.7209944725036621,0,187,,,,
0.5744680762290955,4.999999873689376e-05,0.01452325563877821,0.79666668176651,0,188,,,,
0.5775076150894165,4.999999873689376e-05,0.019314110279083252,0.8099173307418823,0,189,,,,
0.5805470943450928,4.999999873689376e-05,0.019015425816178322,0.7921348214149475,0,190,,,,
0.5835866332054138,4.999999873689376e-05,0.019086796790361404,0.7981072664260864,0,191,,,,
0.5835866332054138,4.999999873689376e-05,,,0,191,0.023958338424563408,0.8001425266265869,82.27849977796443,60.686289115669545
0.5866261124610901,4.999999873689376e-05,0.022268209606409073,0.7979539632797241,0,192,,,,
0.5896656513214111,4.999999873689376e-05,0.02042483165860176,0.8172042965888977,0,193,,,,
0.5927051901817322,4.999999873689376e-05,0.018789568915963173,0.75,0,194,,,,
0.5957446694374084,4.999999873689376e-05,0.020169084891676903,0.7864865064620972,0,195,,,,
0.5987842082977295,4.999999873689376e-05,0.019966652616858482,0.8041542768478394,0,196,,,,
0.6018236875534058,4.999999873689376e-05,0.01904478296637535,0.7780748605728149,0,197,,,,
0.6048632264137268,4.999999873689376e-05,0.022649794816970825,0.7922077775001526,0,198,,,,
0.6079027652740479,4.999999873689376e-05,0.022885214537382126,0.8048192858695984,0,199,,,,
0.6109422445297241,4.999999873689376e-05,0.018204975873231888,0.7783933281898499,0,200,,,,
0.6139817833900452,4.999999873689376e-05,0.025311052799224854,0.7677724957466125,0,201,,,,
0.6170212626457214,4.999999873689376e-05,0.01601693034172058,0.7941176295280457,0,202,,,,
0.6200608015060425,4.999999873689376e-05,0.02469574473798275,0.75,0,203,,,,
0.6231002807617188,4.999999873689376e-05,0.019060397520661354,0.7832897901535034,0,204,,,,
0.6261398196220398,4.999999873689376e-05,0.02333957888185978,0.7842565774917603,0,205,,,,
0.6291793584823608,4.999999873689376e-05,0.014806165359914303,0.832335352897644,0,206,,,,
0.6322188377380371,4.999999873689376e-05,0.022432897239923477,0.7926267385482788,0,207,,,,
0.6352583765983582,4.999999873689376e-05,0.019278638064861298,0.8167116045951843,0,208,,,,
0.6382978558540344,4.999999873689376e-05,0.01790887862443924,0.8056871891021729,0,209,,,,
0.6413373947143555,4.999999873689376e-05,0.02904917299747467,0.7183406352996826,0,210,,,,
0.6443768739700317,4.999999873689376e-05,0.018038058653473854,0.8169761300086975,0,211,,,,
0.6474164128303528,4.999999873689376e-05,0.021291963756084442,0.807947039604187,0,212,,,,
0.6504559516906738,4.999999873689376e-05,0.01629669778048992,0.8210862874984741,0,213,,,,
0.6534954309463501,4.999999873689376e-05,0.019398001953959465,0.78143709897995,0,214,,,,
0.6565349698066711,4.999999873689376e-05,0.020765217021107674,0.766853928565979,0,215,,,,
0.6595744490623474,4.999999873689376e-05,0.019418755546212196,0.8240740895271301,0,216,,,,
0.6626139879226685,4.999999873689376e-05,0.02106211893260479,0.7253086566925049,0,217,,,,
0.6656534671783447,4.999999873689376e-05,0.019960014149546623,0.7222222089767456,0,218,,,,
0.6686930060386658,4.999999873689376e-05,0.024018609896302223,0.739130437374115,0,219,,,,
0.6717325448989868,4.999999873689376e-05,0.017029380425810814,0.7987421154975891,0,220,,,,
0.6747720241546631,4.999999873689376e-05,0.017535269260406494,0.8257575631141663,0,221,,,,
0.6778115630149841,4.999999873689376e-05,0.023006265982985497,0.8023256063461304,0,222,,,,
0.6808510422706604,4.999999873689376e-05,0.017021629959344864,0.8235294222831726,0,223,,,,
0.6808510422706604,4.999999873689376e-05,,,0,223,0.023076264187693596,0.8039079308509827,83.0588522568476,61.95685635054035
0.6838905811309814,4.999999873689376e-05,0.02580709382891655,0.7721822261810303,0,224,,,,
0.6869301199913025,4.999999873689376e-05,0.020699365064501762,0.7468671798706055,0,225,,,,
0.6899695992469788,4.999999873689376e-05,0.02163996547460556,0.7075209021568298,0,226,,,,
0.6930091381072998,4.999999873689376e-05,0.018380537629127502,0.8025000095367432,0,227,,,,
0.6960486173629761,4.999999873689376e-05,0.014605896547436714,0.8503184914588928,0,228,,,,
0.6990881562232971,4.999999873689376e-05,0.019911354407668114,0.8616188168525696,0,229,,,,
0.7021276354789734,4.999999873689376e-05,0.0175602026283741,0.8133333325386047,0,230,,,,
0.7051671743392944,4.999999873689376e-05,0.01949320174753666,0.823369562625885,0,231,,,,
0.7082067131996155,4.999999873689376e-05,0.020288649946451187,0.7689969539642334,0,232,,,,
0.7112461924552917,4.999999873689376e-05,0.012657714076340199,0.8606557250022888,0,233,,,,
0.7142857313156128,4.999999873689376e-05,0.02067313715815544,0.7870129942893982,0,234,,,,
0.7173252105712891,4.999999873689376e-05,0.01962689310312271,0.7538461685180664,0,235,,,,
0.7203647494316101,4.999999873689376e-05,0.01686430349946022,0.7937853336334229,0,236,,,,
0.7234042286872864,4.999999873689376e-05,0.020193884149193764,0.7681159377098083,0,237,,,,
0.7264437675476074,4.999999873689376e-05,0.019997986033558846,0.7919074892997742,0,238,,,,
0.7294833064079285,4.999999873689376e-05,0.02219993807375431,0.8059701323509216,0,239,,,,
0.7325227856636047,4.999999873689376e-05,0.013757366687059402,0.8419688940048218,0,240,,,,
0.7355623245239258,4.999999873689376e-05,0.01578209549188614,0.7784810066223145,0,241,,,,
0.738601803779602,4.999999873689376e-05,0.016886049881577492,0.8009708523750305,0,242,,,,
0.7416413426399231,4.999999873689376e-05,0.01788949780166149,0.8307692408561707,0,243,,,,
0.7446808218955994,4.999999873689376e-05,0.014196805655956268,0.8517441749572754,0,244,,,,
0.7477203607559204,4.999999873689376e-05,0.025477318093180656,0.7990196347236633,0,245,,,,
0.7507598996162415,4.999999873689376e-05,0.017328932881355286,0.8615384697914124,0,246,,,,
0.7537993788719177,4.999999873689376e-05,0.017097707837820053,0.8747044801712036,0,247,,,,
0.7568389177322388,4.999999873689376e-05,0.021234165877103806,0.7577639818191528,0,248,,,,
0.759878396987915,4.999999873689376e-05,0.018758447840809822,0.8273809552192688,0,249,,,,
0.7629179358482361,4.999999873689376e-05,0.02193511091172695,0.7629629373550415,0,250,,,,
0.7659574747085571,4.999999873689376e-05,0.01831878535449505,0.7411764860153198,0,251,,,,
0.7689969539642334,4.999999873689376e-05,0.022128630429506302,0.7050938606262207,0,252,,,,
0.7720364928245544,4.999999873689376e-05,0.01683197170495987,0.8151515126228333,0,253,,,,
0.7750759720802307,4.999999873689376e-05,0.016064446419477463,0.8406779766082764,0,254,,,,
0.7781155109405518,4.999999873689376e-05,0.0143303656950593,0.8723404407501221,0,255,,,,
0.7781155109405518,4.999999873689376e-05,,,0,255,0.021372003480792046,0.857711911201477,85.14539791950419,64.6351251883912
0.781154990196228,4.999999873689376e-05,0.017891809344291687,0.8304239511489868,0,256,,,,
0.7841945290565491,4.999999873689376e-05,0.01714673638343811,0.855614960193634,0,257,,,,
0.7872340679168701,4.999999873689376e-05,0.013134490698575974,0.875,0,258,,,,
0.7902735471725464,4.999999873689376e-05,0.013437551446259022,0.85014408826828,0,259,,,,
0.7933130860328674,4.999999873689376e-05,0.01800069771707058,0.7860962748527527,0,260,,,,
0.7963525652885437,4.999999873689376e-05,0.018386147916316986,0.8060747385025024,0,261,,,,
0.7993921041488647,4.999999873689376e-05,0.01834024116396904,0.7765362858772278,0,262,,,,
0.802431583404541,4.999999873689376e-05,0.019336629658937454,0.7803468108177185,0,263,,,,
0.8054711222648621,4.999999873689376e-05,0.024931810796260834,0.7134328484535217,0,264,,,,
0.8085106611251831,4.999999873689376e-05,0.016084544360637665,0.8311688303947449,0,265,,,,
0.8115501403808594,4.999999873689376e-05,0.025379320606589317,0.7457627058029175,0,266,,,,
0.8145896792411804,4.999999873689376e-05,0.01056643109768629,0.8647686839103699,0,267,,,,
0.8176291584968567,4.999999873689376e-05,0.017109228298068047,0.8491619825363159,0,268,,,,
0.8206686973571777,4.999999873689376e-05,0.01522339228540659,0.8383838534355164,0,269,,,,
0.8237082362174988,4.999999873689376e-05,0.01596117950975895,0.8515081405639648,0,270,,,,
0.826747715473175,4.999999873689376e-05,0.01404236163944006,0.8379888534545898,0,271,,,,
0.8297872543334961,4.999999873689376e-05,0.01929061859846115,0.7923076748847961,0,272,,,,
0.8328267335891724,4.999999873689376e-05,0.016544613987207413,0.8341968655586243,0,273,,,,
0.8358662724494934,4.999999873689376e-05,0.019594529643654823,0.7832897901535034,0,274,,,,
0.8389057517051697,4.999999873689376e-05,0.01591552421450615,0.8328267335891724,0,275,,,,
0.8419452905654907,4.999999873689376e-05,0.010992860421538353,0.8496503233909607,0,276,,,,
0.8449848294258118,4.999999873689376e-05,0.019302576780319214,0.7886179089546204,0,277,,,,
0.848024308681488,4.999999873689376e-05,0.012581168673932552,0.8361774682998657,0,278,,,,
0.8510638475418091,4.999999873689376e-05,0.014265574514865875,0.8500000238418579,0,279,,,,
0.8541033267974854,4.999999873689376e-05,0.023583607748150826,0.7668997645378113,0,280,,,,
0.8571428656578064,4.999999873689376e-05,0.01770913600921631,0.7529411911964417,0,281,,,,
0.8601823449134827,4.999999873689376e-05,0.015812266618013382,0.7972972989082336,0,282,,,,
0.8632218837738037,4.999999873689376e-05,0.013799546286463737,0.8150289058685303,0,283,,,,
0.8662614226341248,4.999999873689376e-05,0.02257971465587616,0.7602179646492004,0,284,,,,
0.869300901889801,4.999999873689376e-05,0.02334354631602764,0.8144044280052185,0,285,,,,
0.8723404407501221,4.999999873689376e-05,0.018939942121505737,0.8246753215789795,0,286,,,,
0.8753799200057983,4.999999873689376e-05,0.01688493601977825,0.8073878884315491,0,287,,,,
0.8753799200057983,4.999999873689376e-05,,,0,287,0.02153247594833374,0.8198768496513367,84.27429082771198,63.47633544635006
0.8784194588661194,4.999999873689376e-05,0.017024053260684013,0.8050139546394348,0,288,,,,
0.8814589381217957,4.999999873689376e-05,0.013891272246837616,0.8670520186424255,0,289,,,,
0.8844984769821167,4.999999873689376e-05,0.013054566457867622,0.8685897588729858,0,290,,,,
0.8875380158424377,4.999999873689376e-05,0.015881910920143127,0.8768328428268433,0,291,,,,
0.890577495098114,4.999999873689376e-05,0.020202407613396645,0.728613555431366,0,292,,,,
0.8936170339584351,4.999999873689376e-05,0.013956385664641857,0.8679245114326477,0,293,,,,
0.8966565132141113,4.999999873689376e-05,0.015278622508049011,0.7965116500854492,0,294,,,,
0.8996960520744324,4.999999873689376e-05,0.02084905095398426,0.7797927260398865,0,295,,,,
0.9027355909347534,4.999999873689376e-05,0.017791269347071648,0.8503562808036804,0,296,,,,
0.9057750701904297,4.999999873689376e-05,0.018024470657110214,0.8608924150466919,0,297,,,,
0.9088146090507507,4.999999873689376e-05,0.02024526707828045,0.7895981073379517,0,298,,,,
0.911854088306427,4.999999873689376e-05,0.018876254558563232,0.8203753232955933,0,299,,,,
0.914893627166748,4.999999873689376e-05,0.016062453389167786,0.8236914873123169,0,300,,,,
0.9179331064224243,4.999999873689376e-05,0.013756086118519306,0.8192771077156067,0,301,,,,
0.9209726452827454,4.999999873689376e-05,0.015093925409018993,0.8886010646820068,0,302,,,,
0.9240121841430664,4.999999873689376e-05,0.018975211307406425,0.7888040542602539,0,303,,,,
0.9270516633987427,4.999999873689376e-05,0.013499806635081768,0.8475073575973511,0,304,,,,
0.9300912022590637,4.999999873689376e-05,0.018562613055109978,0.8025316596031189,0,305,,,,
0.93313068151474,4.999999873689376e-05,0.01928909868001938,0.7661972045898438,0,306,,,,
0.936170220375061,4.999999873689376e-05,0.011412548832595348,0.9012739062309265,0,307,,,,
0.9392096996307373,4.999999873689376e-05,0.015080503188073635,0.8130311369895935,0,308,,,,
0.9422492384910583,4.999999873689376e-05,0.014628495089709759,0.8313953280448914,0,309,,,,
0.9452887773513794,4.999999873689376e-05,0.018343325704336166,0.8474114537239075,0,310,,,,
0.9483282566070557,4.999999873689376e-05,0.016344759613275528,0.8323863744735718,0,311,,,,
0.9513677954673767,4.999999873689376e-05,0.010743002407252789,0.9032257795333862,0,312,,,,
0.954407274723053,4.999999873689376e-05,0.015868961811065674,0.8525073528289795,0,313,,,,
0.957446813583374,4.999999873689376e-05,0.01840301975607872,0.7793103456497192,0,314,,,,
0.9604862928390503,4.999999873689376e-05,0.016528697684407234,0.8510028719902039,0,315,,,,
0.9635258316993713,4.999999873689376e-05,0.018408894538879395,0.8423645496368408,0,316,,,,
0.9665653705596924,4.999999873689376e-05,0.014588328078389168,0.8571428656578064,0,317,,,,
0.9696048498153687,4.999999873689376e-05,0.021304378286004066,0.747474730014801,0,318,,,,
0.9726443886756897,4.999999873689376e-05,0.01741822250187397,0.8212290406227112,0,319,,,,
0.9726443886756897,4.999999873689376e-05,,,0,319,0.01948559284210205,0.8456690311431885,86.06233153718776,65.8292985520813
0.975683867931366,4.999999873689376e-05,0.01644611731171608,0.7852941155433655,0,320,,,,
0.978723406791687,4.999999873689376e-05,0.015655990689992905,0.8408488035202026,0,321,,,,
0.9817629456520081,4.999999873689376e-05,0.01431096252053976,0.8259493708610535,0,322,,,,
0.9848024249076843,4.999999873689376e-05,0.019345762208104134,0.8107344508171082,0,323,,,,
0.9878419637680054,4.999999873689376e-05,0.018372967839241028,0.7995545864105225,0,324,,,,
0.9908814430236816,4.999999873689376e-05,0.01673879846930504,0.8571428656578064,0,325,,,,
0.9939209818840027,4.999999873689376e-05,0.020344329997897148,0.7441253066062927,0,326,,,,
0.996960461139679,4.999999873689376e-05,0.012998614460229874,0.8935361504554749,0,327,,,,
1.0,4.5000000682193786e-05,0.015911687165498734,0.9482758641242981,0,328,,,,
1.0030394792556763,4.5000000682193786e-05,0.015742437914013863,0.8946135640144348,1,329,,,,
1.006079077720642,4.5000000682193786e-05,0.010660739615559578,0.8735294342041016,1,330,,,,
1.0091185569763184,4.5000000682193786e-05,0.011256765574216843,0.8522727489471436,1,331,,,,
1.0121580362319946,4.5000000682193786e-05,0.014560375362634659,0.8099762201309204,1,332,,,,
1.015197515487671,4.5000000682193786e-05,0.016556810587644577,0.843137264251709,1,333,,,,
1.0182371139526367,4.5000000682193786e-05,0.011940255761146545,0.8924999833106995,1,334,,,,
1.021276593208313,4.5000000682193786e-05,0.010166737250983715,0.8668730854988098,1,335,,,,
1.0243160724639893,4.5000000682193786e-05,0.016224395483732224,0.8662614226341248,1,336,,,,
1.027355670928955,4.5000000682193786e-05,0.014503019861876965,0.8668341636657715,1,337,,,,
1.0303951501846313,4.5000000682193786e-05,0.01380151603370905,0.8967551589012146,1,338,,,,
1.0334346294403076,4.5000000682193786e-05,0.015090368688106537,0.9103260636329651,1,339,,,,
1.0364741086959839,4.5000000682193786e-05,0.010465405881404877,0.9019073843955994,1,340,,,,
1.0395137071609497,4.5000000682193786e-05,0.010270653292536736,0.8861538171768188,1,341,,,,
1.042553186416626,4.5000000682193786e-05,0.018484480679035187,0.8121693134307861,1,342,,,,
1.0455926656723022,4.5000000682193786e-05,0.01390726026147604,0.8006042242050171,1,343,,,,
1.048632264137268,4.5000000682193786e-05,0.02303936891257763,0.7850877046585083,1,344,,,,
1.0516717433929443,4.5000000682193786e-05,0.017894020304083824,0.7765957713127136,1,345,,,,
1.0547112226486206,4.5000000682193786e-05,0.012462442740797997,0.8396501541137695,1,346,,,,
1.0577507019042969,4.5000000682193786e-05,0.007989243604242802,0.8767123222351074,1,347,,,,
1.0607903003692627,4.5000000682193786e-05,0.012037265114486217,0.9007633328437805,1,348,,,,
1.063829779624939,4.5000000682193786e-05,0.01042344979941845,0.9188033938407898,1,349,,,,
1.0668692588806152,4.5000000682193786e-05,0.01668945513665676,0.882478654384613,1,350,,,,
1.069908857345581,4.5000000682193786e-05,0.012036542408168316,0.8892215490341187,1,351,,,,
1.0729483366012573,4.5000000682193786e-05,0.014020876958966255,0.8760806918144226,1,352,,,,
1.0759878158569336,4.5000000682193786e-05,0.01404496654868126,0.8421052694320679,1,353,,,,
1.0790274143218994,4.5000000682193786e-05,0.015281405299901962,0.8051947951316833,1,354,,,,
1.0820668935775757,4.5000000682193786e-05,0.017031008377671242,0.8099762201309204,1,355,,,,
1.085106372833252,4.5000000682193786e-05,0.011137331835925579,0.9068322777748108,1,356,,,,
1.0881458520889282,4.5000000682193786e-05,0.013779365457594395,0.8706896305084229,1,357,,,,
1.091185450553894,4.5000000682193786e-05,0.009914884343743324,0.8708609342575073,1,358,,,,
1.0942249298095703,4.5000000682193786e-05,0.01024051383137703,0.8979591727256775,1,359,,,,
1.0972644090652466,4.5000000682193786e-05,0.009823037311434746,0.8781869411468506,1,360,,,,
1.0972644090652466,4.5000000682193786e-05,,,1,360,0.019253117963671684,0.8434356451034546,86.48380915785232,66.00354197353256
1.1003040075302124,4.5000000682193786e-05,0.015205401927232742,0.8515625,1,361,,,,
1.1033434867858887,4.5000000682193786e-05,0.0165991373360157,0.782608687877655,1,362,,,,
1.106382966041565,4.5000000682193786e-05,0.015574184246361256,0.8247126340866089,1,363,,,,
1.1094224452972412,4.5000000682193786e-05,0.014893262647092342,0.8846153616905212,1,364,,,,
1.112462043762207,4.5000000682193786e-05,0.010626484639942646,0.8969696760177612,1,365,,,,
1.1155015230178833,4.5000000682193786e-05,0.009394606575369835,0.8893129825592041,1,366,,,,
1.1185410022735596,4.5000000682193786e-05,0.013748809695243835,0.864935040473938,1,367,,,,
1.1215806007385254,4.5000000682193786e-05,0.013562332838773727,0.8730964660644531,1,368,,,,
1.1246200799942017,4.5000000682193786e-05,0.014364492148160934,0.8617886304855347,1,369,,,,
1.127659559249878,4.5000000682193786e-05,0.013790933415293694,0.8947368264198303,1,370,,,,
1.1306990385055542,4.5000000682193786e-05,0.014938639476895332,0.8377659320831299,1,371,,,,
1.13373863697052,4.5000000682193786e-05,0.012638252228498459,0.8664849996566772,1,372,,,,
1.1367781162261963,4.5000000682193786e-05,0.010082111693918705,0.9053254723548889,1,373,,,,
1.1398175954818726,4.5000000682193786e-05,0.012698485516011715,0.8857142925262451,1,374,,,,
1.1428571939468384,4.5000000682193786e-05,0.015548797324299812,0.8510028719902039,1,375,,,,
1.1458966732025146,4.5000000682193786e-05,0.01268765702843666,0.8295819759368896,1,376,,,,
1.148936152458191,4.5000000682193786e-05,0.014891608618199825,0.8654244542121887,1,377,,,,
1.1519756317138672,4.5000000682193786e-05,0.010870533064007759,0.8678678870201111,1,378,,,,
1.155015230178833,4.5000000682193786e-05,0.010871299542486668,0.8757396340370178,1,379,,,,
1.1580547094345093,4.5000000682193786e-05,0.016490759328007698,0.7972221970558167,1,380,,,,
1.1610941886901855,4.5000000682193786e-05,0.015309003181755543,0.7994186282157898,1,381,,,,
1.1641337871551514,4.5000000682193786e-05,0.013578785583376884,0.8678303956985474,1,382,,,,
1.1671732664108276,4.5000000682193786e-05,0.013418876565992832,0.8681318759918213,1,383,,,,
1.170212745666504,4.5000000682193786e-05,0.013750842772424221,0.9350649118423462,1,384,,,,
1.1732522249221802,4.5000000682193786e-05,0.013461888767778873,0.856783926486969,1,385,,,,
1.176291823387146,4.5000000682193786e-05,0.010346402414143085,0.8677419424057007,1,386,,,,
1.1793313026428223,4.5000000682193786e-05,0.013775991275906563,0.8500000238418579,1,387,,,,
1.1823707818984985,4.5000000682193786e-05,0.011106705293059349,0.843137264251709,1,388,,,,
1.1854103803634644,4.5000000682193786e-05,0.010929714888334274,0.9026315808296204,1,389,,,,
1.1884498596191406,4.5000000682193786e-05,0.014744200743734837,0.8361582159996033,1,390,,,,
1.191489338874817,4.5000000682193786e-05,0.009734103456139565,0.9400544762611389,1,391,,,,
1.1945288181304932,4.5000000682193786e-05,0.011040309444069862,0.8913649320602417,1,392,,,,
1.1945288181304932,4.5000000682193786e-05,,,1,392,0.01919316127896309,0.8541980385780334,86.096208951302,65.16833323756947
1.197568416595459,4.5000000682193786e-05,0.011702176183462143,0.8985507488250732,1,393,,,,
1.2006078958511353,4.5000000682193786e-05,0.011842145584523678,0.8979057669639587,1,394,,,,
1.2036473751068115,4.5000000682193786e-05,0.013858920894563198,0.8542274236679077,1,395,,,,
1.2066869735717773,4.5000000682193786e-05,0.011758302338421345,0.9104859232902527,1,396,,,,
1.2097264528274536,4.5000000682193786e-05,0.014066307805478573,0.861027181148529,1,397,,,,
1.2127659320831299,4.5000000682193786e-05,0.00806721393018961,0.9230769276618958,1,398,,,,
1.2158055305480957,4.5000000682193786e-05,0.011240459978580475,0.885869562625885,1,399,,,,
1.218845009803772,4.5000000682193786e-05,0.012059935368597507,0.885496199131012,1,400,,,,
1.2218844890594482,4.5000000682193786e-05,0.010402781888842583,0.9061661958694458,1,401,,,,
1.2249239683151245,4.5000000682193786e-05,0.030409928411245346,0.7588932514190674,1,402,,,,
1.2279635667800903,4.5000000682193786e-05,0.013493245467543602,0.8587896227836609,1,403,,,,
1.2310030460357666,4.5000000682193786e-05,0.012912404723465443,0.8774929046630859,1,404,,,,
1.2340425252914429,4.5000000682193786e-05,0.011711238883435726,0.8677965998649597,1,405,,,,
1.2370821237564087,4.5000000682193786e-05,0.014422845095396042,0.864935040473938,1,406,,,,
1.240121603012085,4.5000000682193786e-05,0.013069185428321362,0.8797468543052673,1,407,,,,
1.2431610822677612,4.5000000682193786e-05,0.010387828573584557,0.9230769276618958,1,408,,,,
1.2462005615234375,4.5000000682193786e-05,0.014069129712879658,0.8578553795814514,1,409,,,,
1.2492401599884033,4.5000000682193786e-05,0.013892082497477531,0.866310179233551,1,410,,,,
1.2522796392440796,4.5000000682193786e-05,0.016700470820069313,0.8120649456977844,1,411,,,,
1.2553191184997559,4.5000000682193786e-05,0.011914077214896679,0.8166189193725586,1,412,,,,
1.2583587169647217,4.5000000682193786e-05,0.01192314364016056,0.9168975353240967,1,413,,,,
1.261398196220398,4.5000000682193786e-05,0.009729293175041676,0.925815999507904,1,414,,,,
1.2644376754760742,4.5000000682193786e-05,0.014710803516209126,0.8544891476631165,1,415,,,,
1.2674771547317505,4.5000000682193786e-05,0.012705267407000065,0.841269850730896,1,416,,,,
1.2705167531967163,4.5000000682193786e-05,0.011726243421435356,0.8997669219970703,1,417,,,,
1.2735562324523926,4.5000000682193786e-05,0.016950594261288643,0.8781725764274597,1,418,,,,
1.2765957117080688,4.5000000682193786e-05,0.010924025438725948,0.8793774247169495,1,419,,,,
1.2796353101730347,4.5000000682193786e-05,0.01816396601498127,0.8161764740943909,1,420,,,,
1.282674789428711,4.5000000682193786e-05,0.01216848660260439,0.8589109182357788,1,421,,,,
1.2857142686843872,4.5000000682193786e-05,0.01733306795358658,0.8516623973846436,1,422,,,,
1.2887537479400635,4.5000000682193786e-05,0.011436414904892445,0.8877284526824951,1,423,,,,
1.2917933464050293,4.5000000682193786e-05,0.015858834609389305,0.8693877458572388,1,424,,,,
1.2917933464050293,4.5000000682193786e-05,,,1,424,0.018740205094218254,0.85584557056427,86.77195926309464,66.82791005094138
1.2948328256607056,4.5000000682193786e-05,0.012662336230278015,0.878125011920929,1,425,,,,
1.2978723049163818,4.5000000682193786e-05,0.01066212821751833,0.8867403268814087,1,426,,,,
1.3009119033813477,4.5000000682193786e-05,0.01189904473721981,0.8923884630203247,1,427,,,,
1.303951382637024,4.5000000682193786e-05,0.01770658791065216,0.8410138487815857,1,428,,,,
1.3069908618927002,4.5000000682193786e-05,0.014907914213836193,0.8510028719902039,1,429,,,,
1.3100303411483765,4.5000000682193786e-05,0.012041930109262466,0.8629032373428345,1,430,,,,
1.3130699396133423,4.5000000682193786e-05,0.01357029564678669,0.8608414530754089,1,431,,,,
1.3161094188690186,4.5000000682193786e-05,0.015998538583517075,0.8660968542098999,1,432,,,,
1.3191488981246948,4.5000000682193786e-05,0.013823512010276318,0.8689320683479309,1,433,,,,
1.3221884965896606,4.5000000682193786e-05,0.01238794345408678,0.8936781883239746,1,434,,,,
1.325227975845337,4.5000000682193786e-05,0.014327608048915863,0.8883248567581177,1,435,,,,
1.3282674551010132,4.5000000682193786e-05,0.010001574642956257,0.9147287011146545,1,436,,,,
1.3313069343566895,4.5000000682193786e-05,0.01652754284441471,0.8241205811500549,1,437,,,,
1.3343465328216553,4.5000000682193786e-05,0.00912565365433693,0.874643862247467,1,438,,,,
1.3373860120773315,4.5000000682193786e-05,0.01632768288254738,0.9047619104385376,1,439,,,,
1.3404254913330078,4.5000000682193786e-05,0.011434563435614109,0.9252077341079712,1,440,,,,
1.3434650897979736,4.5000000682193786e-05,0.012385793961584568,0.8555240631103516,1,441,,,,
1.34650456905365,4.5000000682193786e-05,0.012478148564696312,0.8608695864677429,1,442,,,,
1.3495440483093262,4.5000000682193786e-05,0.01090917643159628,0.8835227489471436,1,443,,,,
1.3525835275650024,4.5000000682193786e-05,0.011820393614470959,0.9060402512550354,1,444,,,,
1.3556231260299683,4.5000000682193786e-05,0.010649745352566242,0.8872832655906677,1,445,,,,
1.3586626052856445,4.5000000682193786e-05,0.010831605643033981,0.8241042494773865,1,446,,,,
1.3617020845413208,4.5000000682193786e-05,0.014117277227342129,0.8012048006057739,1,447,,,,
1.3647416830062866,4.5000000682193786e-05,0.018990742042660713,0.7833333611488342,1,448,,,,
1.367781162261963,4.5000000682193786e-05,0.013886293396353722,0.8626943230628967,1,449,,,,
1.3708206415176392,4.5000000682193786e-05,0.008759891614317894,0.9139465689659119,1,450,,,,
1.373860239982605,4.5000000682193786e-05,0.011875099502503872,0.9307692050933838,1,451,,,,
1.3768997192382812,4.5000000682193786e-05,0.0113761518150568,0.8877887725830078,1,452,,,,
1.3799391984939575,4.5000000682193786e-05,0.016161445528268814,0.8743842244148254,1,453,,,,
1.3829786777496338,4.5000000682193786e-05,0.013001024723052979,0.8975903391838074,1,454,,,,
1.3860182762145996,4.5000000682193786e-05,0.011790312826633453,0.8975903391838074,1,455,,,,
1.3890577554702759,4.5000000682193786e-05,0.012315702624619007,0.8419618606567383,1,456,,,,
1.3890577554702759,4.5000000682193786e-05,,,1,456,0.018978264182806015,0.8467416763305664,86.73102211187675,66.52784354657855
1.3920972347259521,4.5000000682193786e-05,0.012177499942481518,0.8224637508392334,1,457,,,,
1.395136833190918,4.5000000682193786e-05,0.0114466343075037,0.8717948794364929,1,458,,,,
1.3981763124465942,4.5000000682193786e-05,0.011356983333826065,0.8924418687820435,1,459,,,,
1.4012157917022705,4.5000000682193786e-05,0.013712143525481224,0.7903226017951965,1,460,,,,
1.4042552709579468,4.5000000682193786e-05,0.01285967230796814,0.8997290134429932,1,461,,,,
1.4072948694229126,4.5000000682193786e-05,0.014941168017685413,0.8325471878051758,1,462,,,,
1.4103343486785889,4.5000000682193786e-05,0.010972649790346622,0.8586118221282959,1,463,,,,
1.4133738279342651,4.5000000682193786e-05,0.015748726204037666,0.8694362044334412,1,464,,,,
1.416413426399231,4.5000000682193786e-05,0.015324713662266731,0.8328267335891724,1,465,,,,
1.4194529056549072,4.5000000682193786e-05,0.009328216314315796,0.8762542009353638,1,466,,,,
1.4224923849105835,4.5000000682193786e-05,0.013957696966826916,0.8545034527778625,1,467,,,,
1.4255318641662598,4.5000000682193786e-05,0.014955863356590271,0.8376963138580322,1,468,,,,
1.4285714626312256,4.5000000682193786e-05,0.013654980808496475,0.9123867154121399,1,469,,,,
1.4316109418869019,4.5000000682193786e-05,0.012852036394178867,0.8634020686149597,1,470,,,,
1.4346504211425781,4.5000000682193786e-05,0.012664763256907463,0.901129961013794,1,471,,,,
1.437690019607544,4.5000000682193786e-05,0.014846994541585445,0.8427299857139587,1,472,,,,
1.4407294988632202,4.5000000682193786e-05,0.015888908877968788,0.8512195348739624,1,473,,,,
1.4437689781188965,4.5000000682193786e-05,0.012125612236559391,0.9103139042854309,1,474,,,,
1.4468084573745728,4.5000000682193786e-05,0.009937469847500324,0.8768328428268433,1,475,,,,
1.4498480558395386,4.5000000682193786e-05,0.009324916638433933,0.8939828276634216,1,476,,,,
1.4528875350952148,4.5000000682193786e-05,0.014128558337688446,0.8566977977752686,1,477,,,,
1.4559270143508911,4.5000000682193786e-05,0.012062611989676952,0.8850931525230408,1,478,,,,
1.458966612815857,4.5000000682193786e-05,0.015204371884465218,0.8545454740524292,1,479,,,,
1.4620060920715332,4.5000000682193786e-05,0.013313964940607548,0.8504672646522522,1,480,,,,
1.4650455713272095,4.5000000682193786e-05,0.007231653202325106,0.9153094291687012,1,481,,,,
1.4680850505828857,4.5000000682193786e-05,0.009737781248986721,0.9002432823181152,1,482,,,,
1.4711246490478516,4.5000000682193786e-05,0.013135435990989208,0.8604061007499695,1,483,,,,
1.4741641283035278,4.5000000682193786e-05,0.014517265371978283,0.8488063812255859,1,484,,,,
1.477203607559204,4.5000000682193786e-05,0.01249940600246191,0.8731563687324524,1,485,,,,
1.48024320602417,4.5000000682193786e-05,0.012805355712771416,0.9099525809288025,1,486,,,,
1.4832826852798462,4.5000000682193786e-05,0.011281793005764484,0.8729282021522522,1,487,,,,
1.4863221645355225,4.5000000682193786e-05,0.01340537890791893,0.8545918464660645,1,488,,,,
1.4863221645355225,4.5000000682193786e-05,,,1,488,0.018982410430908203,0.8338358402252197,86.88210718025961,66.53637286741619
1.4893616437911987,4.5000000682193786e-05,0.009950066916644573,0.8997429013252258,1,489,,,,
1.4924012422561646,4.5000000682193786e-05,0.007336175534874201,0.9103942513465881,1,490,,,,
1.4954407215118408,4.5000000682193786e-05,0.013216808438301086,0.8844339847564697,1,491,,,,
1.498480200767517,4.5000000682193786e-05,0.01240849681198597,0.9066339135169983,1,492,,,,
1.501519799232483,4.5000000682193786e-05,0.009136557579040527,0.8881788849830627,1,493,,,,
1.5045592784881592,4.5000000682193786e-05,0.011420813389122486,0.8567638993263245,1,494,,,,
1.5075987577438354,4.5000000682193786e-05,0.011112933978438377,0.8882978558540344,1,495,,,,
1.5106383562088013,4.5000000682193786e-05,0.012889428064227104,0.8917378783226013,1,496,,,,
1.5136778354644775,4.5000000682193786e-05,0.012145926244556904,0.8799019455909729,1,497,,,,
1.5167173147201538,4.5000000682193786e-05,0.01127600111067295,0.9137529134750366,1,498,,,,
1.51975679397583,4.5000000682193786e-05,0.013486157171428204,0.8908045887947083,1,499,,,,
1.522796392440796,4.5000000682193786e-05,0.00795185286551714,0.9256505370140076,1,500,,,,
1.5258358716964722,4.5000000682193786e-05,0.01516398973762989,0.8516320586204529,1,501,,,,
1.5288753509521484,4.5000000682193786e-05,0.012287779711186886,0.8901869058609009,1,502,,,,
1.5319149494171143,4.5000000682193786e-05,0.013037076219916344,0.840782105922699,1,503,,,,
1.5349544286727905,4.5000000682193786e-05,0.009996107779443264,0.8473520278930664,1,504,,,,
1.5379939079284668,4.5000000682193786e-05,0.007667421363294125,0.9115853905677795,1,505,,,,
1.541033387184143,4.5000000682193786e-05,0.009397445246577263,0.918552041053772,1,506,,,,
1.5440729856491089,4.5000000682193786e-05,0.010166029445827007,0.9192200303077698,1,507,,,,
1.5471124649047852,4.5000000682193786e-05,0.013618654571473598,0.8820861577987671,1,508,,,,
1.5501519441604614,4.5000000682193786e-05,0.01370114553719759,0.8501529097557068,1,509,,,,
1.5531915426254272,4.5000000682193786e-05,0.010551082901656628,0.9056603908538818,1,510,,,,
1.5562310218811035,4.5000000682193786e-05,0.010800623334944248,0.9185393452644348,1,511,,,,
1.5592705011367798,4.5000000682193786e-05,0.010728864930570126,0.8797814249992371,1,512,,,,
1.562309980392456,4.5000000682193786e-05,0.008833094500005245,0.8937007784843445,1,513,,,,
1.5653495788574219,4.5000000682193786e-05,0.007327822502702475,0.9192546606063843,1,514,,,,
1.5683890581130981,4.5000000682193786e-05,0.013502692803740501,0.8542372584342957,1,515,,,,
1.5714285373687744,4.5000000682193786e-05,0.012853335589170456,0.8677685856819153,1,516,,,,
1.5744681358337402,4.5000000682193786e-05,0.016662627458572388,0.8814814686775208,1,517,,,,
1.5775076150894165,4.5000000682193786e-05,0.009808745235204697,0.9100257158279419,1,518,,,,
1.5805470943450928,4.5000000682193786e-05,0.015513616614043713,0.827250599861145,1,519,,,,
1.583586573600769,4.5000000682193786e-05,0.01532666478306055,0.8382688164710999,1,520,,,,
1.583586573600769,4.5000000682193786e-05,,,1,520,0.01908794604241848,0.844964325428009,86.65619414527191,67.1549649847107
1.5866261720657349,4.5000000682193786e-05,0.007933893240988255,0.8825300931930542,1,521,,,,
1.5896656513214111,4.5000000682193786e-05,0.011537263169884682,0.9015544056892395,1,522,,,,
1.5927051305770874,4.5000000682193786e-05,0.010071595199406147,0.8881788849830627,1,523,,,,
1.5957447290420532,4.5000000682193786e-05,0.009617677889764309,0.9471264481544495,1,524,,,,
1.5987842082977295,4.5000000682193786e-05,0.011389492079615593,0.9228915572166443,1,525,,,,
1.6018236875534058,4.5000000682193786e-05,0.010124076157808304,0.9069767594337463,1,526,,,,
1.604863166809082,4.5000000682193786e-05,0.01505585853010416,0.8539682626724243,1,527,,,,
1.6079027652740479,4.5000000682193786e-05,0.014141221530735493,0.8494381904602051,1,528,,,,
1.6109422445297241,4.5000000682193786e-05,0.01538830529898405,0.8647887110710144,1,529,,,,
1.6139817237854004,4.5000000682193786e-05,0.011170615442097187,0.8555858135223389,1,530,,,,
1.6170213222503662,4.5000000682193786e-05,0.016565777361392975,0.7933884263038635,1,531,,,,
1.6200608015060425,4.5000000682193786e-05,0.012469113804399967,0.8647798895835876,1,532,,,,
1.6231002807617188,4.5000000682193786e-05,0.01225101388990879,0.8592814207077026,1,533,,,,
1.626139760017395,4.5000000682193786e-05,0.006670732516795397,0.9419795274734497,1,534,,,,
1.6291793584823608,4.5000000682193786e-05,0.011964621022343636,0.8994845151901245,1,535,,,,
1.632218837738037,4.5000000682193786e-05,0.015411230735480785,0.8618618845939636,1,536,,,,
1.6352583169937134,4.5000000682193786e-05,0.011717576533555984,0.9079284071922302,1,537,,,,
1.6382979154586792,4.5000000682193786e-05,0.015532098710536957,0.8292011022567749,1,538,,,,
1.6413373947143555,4.5000000682193786e-05,0.011578171513974667,0.8802228569984436,1,539,,,,
1.6443768739700317,4.5000000682193786e-05,0.010501047596335411,0.8939828276634216,1,540,,,,
1.6474164724349976,4.5000000682193786e-05,0.010558788664638996,0.8970189690589905,1,541,,,,
1.6504559516906738,4.5000000682193786e-05,0.012012308463454247,0.8571428656578064,1,542,,,,
1.65349543094635,4.5000000682193786e-05,0.010040530934929848,0.9221698045730591,1,543,,,,
1.6565349102020264,4.5000000682193786e-05,0.011510402895510197,0.8728813529014587,1,544,,,,
1.6595745086669922,4.5000000682193786e-05,0.01148924045264721,0.8768768906593323,1,545,,,,
1.6626139879226685,4.5000000682193786e-05,0.007834358140826225,0.9162436723709106,1,546,,,,
1.6656534671783447,4.5000000682193786e-05,0.007035354617983103,0.9349315166473389,1,547,,,,
1.6686930656433105,4.5000000682193786e-05,0.00997195579111576,0.915068507194519,1,548,,,,
1.6717325448989868,4.5000000682193786e-05,0.015349924564361572,0.859375,1,549,,,,
1.674772024154663,4.5000000682193786e-05,0.013648704625666142,0.8410404920578003,1,550,,,,
1.6778115034103394,4.5000000682193786e-05,0.01225681509822607,0.8900523781776428,1,551,,,,
1.6808511018753052,4.5000000682193786e-05,0.01053695660084486,0.8498498201370239,1,552,,,,
1.6808511018753052,4.5000000682193786e-05,,,1,552,0.01863352209329605,0.8570768237113953,87.05638055110482,67.23884493571846
1.6838905811309814,4.5000000682193786e-05,0.013821293599903584,0.8753541111946106,1,553,,,,
1.6869300603866577,4.5000000682193786e-05,0.009200014173984528,0.9070422649383545,1,554,,,,
1.6899696588516235,4.5000000682193786e-05,0.010606239549815655,0.8975903391838074,1,555,,,,
1.6930091381072998,4.5000000682193786e-05,0.012032546103000641,0.8787878751754761,1,556,,,,
1.696048617362976,4.5000000682193786e-05,0.012593104504048824,0.8818181753158569,1,557,,,,
1.6990880966186523,4.5000000682193786e-05,0.008703997358679771,0.9097937941551208,1,558,,,,
1.7021276950836182,4.5000000682193786e-05,0.014625633135437965,0.8390804529190063,1,559,,,,
1.7051671743392944,4.5000000682193786e-05,0.017002100124955177,0.8859223127365112,1,560,,,,
1.7082066535949707,4.5000000682193786e-05,0.010569045320153236,0.9104115962982178,1,561,,,,
1.7112462520599365,4.5000000682193786e-05,0.009517937898635864,0.9102563858032227,1,562,,,,
1.7142857313156128,4.5000000682193786e-05,0.011981017887592316,0.8784194588661194,1,563,,,,
1.717325210571289,4.5000000682193786e-05,0.016879988834261894,0.8610422015190125,1,564,,,,
1.7203646898269653,4.5000000682193786e-05,0.019961630925536156,0.8075949549674988,1,565,,,,
1.7234042882919312,4.5000000682193786e-05,0.010827630758285522,0.8977900743484497,1,566,,,,
1.7264437675476074,4.5000000682193786e-05,0.008179579861462116,0.9161290526390076,1,567,,,,
1.7294832468032837,4.5000000682193786e-05,0.010313077829778194,0.8571428656578064,1,568,,,,
1.7325228452682495,4.5000000682193786e-05,0.010499170981347561,0.8461538553237915,1,569,,,,
1.7355623245239258,4.5000000682193786e-05,0.011568357236683369,0.900293231010437,1,570,,,,
1.738601803779602,4.5000000682193786e-05,0.008130986243486404,0.8914473652839661,1,571,,,,
1.7416412830352783,4.5000000682193786e-05,0.015097953379154205,0.8377659320831299,1,572,,,,
1.7446808815002441,4.5000000682193786e-05,0.017048528417944908,0.8352941274642944,1,573,,,,
1.7477203607559204,4.5000000682193786e-05,0.010033899918198586,0.8732876777648926,1,574,,,,
1.7507598400115967,4.5000000682193786e-05,0.011856511235237122,0.8674033284187317,1,575,,,,
1.7537994384765625,4.5000000682193786e-05,0.013830550014972687,0.869300901889801,1,576,,,,
1.7568389177322388,4.5000000682193786e-05,0.012589484453201294,0.862162172794342,1,577,,,,
1.759878396987915,4.5000000682193786e-05,0.013063727878034115,0.8795811533927917,1,578,,,,
1.7629178762435913,4.5000000682193786e-05,0.0159857589751482,0.8394160866737366,1,579,,,,
1.7659574747085571,4.5000000682193786e-05,0.015873068943619728,0.8737373948097229,1,580,,,,
1.7689969539642334,4.5000000682193786e-05,0.015144010074436665,0.8146213889122009,1,581,,,,
1.7720364332199097,4.5000000682193786e-05,0.00987903494387865,0.9151670932769775,1,582,,,,
1.7750760316848755,4.5000000682193786e-05,0.012687049806118011,0.8624338507652283,1,583,,,,
1.7781155109405518,4.5000000682193786e-05,0.011521751061081886,0.8853868246078491,1,584,,,,
1.7781155109405518,4.5000000682193786e-05,,,1,584,0.016738131642341614,0.8828275799751282,87.94835962973642,68.58630281710126
1.781154990196228,4.5000000682193786e-05,0.009176794439554214,0.9067524075508118,1,585,,,,
1.7841944694519043,4.5000000682193786e-05,0.012039572931826115,0.8808932900428772,1,586,,,,
1.7872340679168701,4.5000000682193786e-05,0.011792341247200966,0.8879781365394592,1,587,,,,
1.7902735471725464,4.5000000682193786e-05,0.011029567569494247,0.8952702879905701,1,588,,,,
1.7933130264282227,4.5000000682193786e-05,0.009776835329830647,0.8833333253860474,1,589,,,,
1.7963526248931885,4.5000000682193786e-05,0.015863457694649696,0.8069767355918884,1,590,,,,
1.7993921041488647,4.5000000682193786e-05,0.01128644123673439,0.8849557638168335,1,591,,,,
1.802431583404541,4.5000000682193786e-05,0.008329405449330807,0.8980262875556946,1,592,,,,
1.8054711818695068,4.5000000682193786e-05,0.01318568829447031,0.8352490663528442,1,593,,,,
1.808510661125183,4.5000000682193786e-05,0.015580713748931885,0.8618090748786926,1,594,,,,
1.8115501403808594,4.5000000682193786e-05,0.009332509711384773,0.9082278609275818,1,595,,,,
1.8145896196365356,4.5000000682193786e-05,0.011290819384157658,0.9138461351394653,1,596,,,,
1.8176292181015015,4.5000000682193786e-05,0.013998962938785553,0.8455497622489929,1,597,,,,
1.8206686973571777,4.5000000682193786e-05,0.012835515663027763,0.9187816977500916,1,598,,,,
1.823708176612854,4.5000000682193786e-05,0.01286360714584589,0.8807786107063293,1,599,,,,
1.8267477750778198,4.5000000682193786e-05,0.015347619540989399,0.814084529876709,1,600,,,,
1.829787254333496,4.5000000682193786e-05,0.015537003986537457,0.8491483926773071,1,601,,,,
1.8328267335891724,4.5000000682193786e-05,0.011280959472060204,0.859375,1,602,,,,
1.8358662128448486,4.5000000682193786e-05,0.008255193941295147,0.9178470373153687,1,603,,,,
1.8389058113098145,4.5000000682193786e-05,0.011634445749223232,0.8567708134651184,1,604,,,,
1.8419452905654907,4.5000000682193786e-05,0.015306567773222923,0.8585526347160339,1,605,,,,
1.844984769821167,4.5000000682193786e-05,0.010789935477077961,0.9410187602043152,1,606,,,,
1.8480243682861328,4.5000000682193786e-05,0.01527257077395916,0.8689320683479309,1,607,,,,
1.851063847541809,4.5000000682193786e-05,0.009442190639674664,0.8895705342292786,1,608,,,,
1.8541033267974854,4.5000000682193786e-05,0.0089498246088624,0.9015151262283325,1,609,,,,
1.8571428060531616,4.5000000682193786e-05,0.012977595441043377,0.824999988079071,1,610,,,,
1.8601824045181274,4.5000000682193786e-05,0.007531335577368736,0.8819671869277954,1,611,,,,
1.8632218837738037,4.5000000682193786e-05,0.00916017685085535,0.9042904376983643,1,612,,,,
1.86626136302948,4.5000000682193786e-05,0.01680952124297619,0.8888888955116272,1,613,,,,
1.8693009614944458,4.5000000682193786e-05,0.012072146870195866,0.8895184397697449,1,614,,,,
1.872340440750122,4.5000000682193786e-05,0.011356941424310207,0.904477596282959,1,615,,,,
1.8753799200057983,4.5000000682193786e-05,0.011858519166707993,0.9058171510696411,1,616,,,,
1.8753799200057983,4.5000000682193786e-05,,,1,616,0.01695871166884899,0.8758251070976257,87.66221334915782,67.64809354020443
1.8784193992614746,4.5000000682193786e-05,0.008208013139665127,0.9155405163764954,1,617,,,,
1.8814589977264404,4.5000000682193786e-05,0.010147031396627426,0.8612903356552124,1,618,,,,
1.8844984769821167,4.5000000682193786e-05,0.012159794569015503,0.847953200340271,1,619,,,,
1.887537956237793,4.5000000682193786e-05,0.010666950605809689,0.8821839094161987,1,620,,,,
1.8905775547027588,4.5000000682193786e-05,0.011291712522506714,0.8571428656578064,1,621,,,,
1.893617033958435,4.5000000682193786e-05,0.011114663444459438,0.8980169892311096,1,622,,,,
1.8966565132141113,4.5000000682193786e-05,0.009991349652409554,0.8973606824874878,1,623,,,,
1.8996959924697876,4.5000000682193786e-05,0.012323918752372265,0.885496199131012,1,624,,,,
1.9027355909347534,4.5000000682193786e-05,0.006722583901137114,0.9275362491607666,1,625,,,,
1.9057750701904297,4.5000000682193786e-05,0.012651020660996437,0.8783068656921387,1,626,,,,
1.908814549446106,4.5000000682193786e-05,0.011096705682575703,0.9085714221000671,1,627,,,,
1.9118541479110718,4.5000000682193786e-05,0.009275254793465137,0.9019073843955994,1,628,,,,
1.914893627166748,4.5000000682193786e-05,0.007447474170476198,0.9378698468208313,1,629,,,,
1.9179331064224243,4.5000000682193786e-05,0.0146892499178648,0.8267045617103577,1,630,,,,
1.9209725856781006,4.5000000682193786e-05,0.012328438460826874,0.8976607918739319,1,631,,,,
1.9240121841430664,4.5000000682193786e-05,0.014242386445403099,0.8872548937797546,1,632,,,,
1.9270516633987427,4.5000000682193786e-05,0.012614679522812366,0.8746867179870605,1,633,,,,
1.930091142654419,4.5000000682193786e-05,0.011468182317912579,0.8862434029579163,1,634,,,,
1.9331307411193848,4.5000000682193786e-05,0.01214335672557354,0.8811880946159363,1,635,,,,
1.936170220375061,4.5000000682193786e-05,0.005577504634857178,0.9464788436889648,1,636,,,,
1.9392096996307373,4.5000000682193786e-05,0.00864456221461296,0.8626198172569275,1,637,,,,
1.9422492980957031,4.5000000682193786e-05,0.009352145716547966,0.9130434989929199,1,638,,,,
1.9452887773513794,4.5000000682193786e-05,0.012160513550043106,0.8793103694915771,1,639,,,,
1.9483282566070557,4.5000000682193786e-05,0.008601889945566654,0.8862974047660828,1,640,,,,
1.951367735862732,4.5000000682193786e-05,0.005606300663203001,0.9496855139732361,1,641,,,,
1.9544073343276978,4.5000000682193786e-05,0.009876791387796402,0.9207650423049927,1,642,,,,
1.957446813583374,4.5000000682193786e-05,0.012877284549176693,0.849397599697113,1,643,,,,
1.9604862928390503,4.5000000682193786e-05,0.008803308941423893,0.9076433181762695,1,644,,,,
1.9635258913040161,4.5000000682193786e-05,0.009960325434803963,0.9166666865348816,1,645,,,,
1.9665653705596924,4.5000000682193786e-05,0.010324197821319103,0.9355555772781372,1,646,,,,
1.9696048498153687,4.5000000682193786e-05,0.014760442078113556,0.8913525342941284,1,647,,,,
1.972644329071045,4.5000000682193786e-05,0.011018503457307816,0.9265402555465698,1,648,,,,
1.972644329071045,4.5000000682193786e-05,,,1,648,0.017618728801608086,0.8584868311882019,87.68070849601486,67.44070731352471
1.9756839275360107,4.5000000682193786e-05,0.009046433493494987,0.9171428680419922,1,649,,,,
1.978723406791687,4.5000000682193786e-05,0.009386958554387093,0.9122340679168701,1,650,,,,
1.9817628860473633,4.5000000682193786e-05,0.011268936097621918,0.8883374929428101,1,651,,,,
1.984802484512329,4.5000000682193786e-05,0.012175138108432293,0.8726790547370911,1,652,,,,
1.9878419637680054,4.5000000682193786e-05,0.013041278347373009,0.8407643437385559,1,653,,,,
1.9908814430236816,4.5000000682193786e-05,0.01174136158078909,0.8497267961502075,1,654,,,,
1.993920922279358,4.5000000682193786e-05,0.008820180781185627,0.9014598727226257,1,655,,,,
1.9969605207443237,4.5000000682193786e-05,0.013845859095454216,0.856733500957489,1,656,,,,
2.0,4.0499999158782884e-05,0.008557194843888283,0.7931034564971924,1,657,,,,
2.003039598464966,4.0499999158782884e-05,0.010503106750547886,0.903333306312561,2,658,,,,
2.0060789585113525,4.0499999158782884e-05,0.00900268740952015,0.9144542813301086,2,659,,,,
2.0091185569763184,4.0499999158782884e-05,0.009571016766130924,0.931693971157074,2,660,,,,
2.012158155441284,4.0499999158782884e-05,0.006425219122320414,0.9665738344192505,2,661,,,,
2.015197515487671,4.0499999158782884e-05,0.006353042088449001,0.9308357238769531,2,662,,,,
2.0182371139526367,4.0499999158782884e-05,0.008467924781143665,0.9009009003639221,2,663,,,,
2.0212767124176025,4.0499999158782884e-05,0.008709456771612167,0.8730158805847168,2,664,,,,
2.0243160724639893,4.0499999158782884e-05,0.007292889524251223,0.9059139490127563,2,665,,,,
2.027355670928955,4.0499999158782884e-05,0.007322804536670446,0.912466824054718,2,666,,,,
2.030395030975342,4.0499999158782884e-05,0.008412758819758892,0.9072463512420654,2,667,,,,
2.0334346294403076,4.0499999158782884e-05,0.009414806962013245,0.8576388955116272,2,668,,,,
2.0364742279052734,4.0499999158782884e-05,0.009744974784553051,0.9085872769355774,2,669,,,,
2.03951358795166,4.0499999158782884e-05,0.008442530408501625,0.9377049207687378,2,670,,,,
2.042553186416626,4.0499999158782884e-05,0.0035060192458331585,0.9754601120948792,2,671,,,,
2.045592784881592,4.0499999158782884e-05,0.005876634735614061,0.9522472023963928,2,672,,,,
2.0486321449279785,4.0499999158782884e-05,0.006693808827549219,0.9237536787986755,2,673,,,,
2.0516717433929443,4.0499999158782884e-05,0.004669676069170237,0.9320755004882812,2,674,,,,
2.05471134185791,4.0499999158782884e-05,0.005376969464123249,0.9396825432777405,2,675,,,,
2.057750701904297,4.0499999158782884e-05,0.006349057424813509,0.9272152185440063,2,676,,,,
2.0607903003692627,4.0499999158782884e-05,0.006155363749712706,0.9082278609275818,2,677,,,,
2.0638298988342285,4.0499999158782884e-05,0.005366066936403513,0.8915254473686218,2,678,,,,
2.0668692588806152,4.0499999158782884e-05,0.005842554848641157,0.9796437621116638,2,679,,,,
2.069908857345581,4.0499999158782884e-05,0.009013059549033642,0.9364640712738037,2,680,,,,
2.0729482173919678,4.0499999158782884e-05,0.008363391272723675,0.9337176084518433,2,681,,,,
2.0759878158569336,4.0499999158782884e-05,0.007210005074739456,0.9164420366287231,2,682,,,,
2.0790274143218994,4.0499999158782884e-05,0.0059785847552120686,0.9440993666648865,2,683,,,,
2.082066774368286,4.0499999158782884e-05,0.006538684945553541,0.9353846311569214,2,684,,,,
2.085106372833252,4.0499999158782884e-05,0.004580265376716852,0.9397590160369873,2,685,,,,
2.0881459712982178,4.0499999158782884e-05,0.010134566575288773,0.9038960933685303,2,686,,,,
2.0911853313446045,4.0499999158782884e-05,0.0060672578401863575,0.9266666769981384,2,687,,,,
2.0942249298095703,4.0499999158782884e-05,0.010544133372604847,0.9075829386711121,2,688,,,,
2.097264528274536,4.0499999158782884e-05,0.00441315583884716,0.9491525292396545,2,689,,,,
2.097264528274536,4.0499999158782884e-05,,,2,689,0.018071003258228302,0.8650481700897217,87.83444852123165,68.3169155421846
2.100303888320923,4.0499999158782884e-05,0.01169373095035553,0.9034482836723328,2,690,,,,
2.1033434867858887,4.0499999158782884e-05,0.008427973836660385,0.9073033928871155,2,691,,,,
2.1063830852508545,4.0499999158782884e-05,0.006638029590249062,0.9294710159301758,2,692,,,,
2.109422445297241,4.0499999158782884e-05,0.0056584496051073074,0.9559585452079773,2,693,,,,
2.112462043762207,4.0499999158782884e-05,0.006251257844269276,0.9543010592460632,2,694,,,,
2.1155014038085938,4.0499999158782884e-05,0.00849384069442749,0.9353233575820923,2,695,,,,
2.1185410022735596,4.0499999158782884e-05,0.009647060185670853,0.8924205303192139,2,696,,,,
2.1215806007385254,4.0499999158782884e-05,0.009414386935532093,0.9029411673545837,2,697,,,,
2.124619960784912,4.0499999158782884e-05,0.006561563815921545,0.9075342416763306,2,698,,,,
2.127659559249878,4.0499999158782884e-05,0.006679857149720192,0.9415204524993896,2,699,,,,
2.1306991577148438,4.0499999158782884e-05,0.006803066935390234,0.9407008290290833,2,700,,,,
2.1337385177612305,4.0499999158782884e-05,0.005454415921121836,0.956204354763031,2,701,,,,
2.1367781162261963,4.0499999158782884e-05,0.0062741562724113464,0.9602272510528564,2,702,,,,
2.139817714691162,4.0499999158782884e-05,0.009129514917731285,0.9350000023841858,2,703,,,,
2.142857074737549,4.0499999158782884e-05,0.00695330835878849,0.921450138092041,2,704,,,,
2.1458966732025146,4.0499999158782884e-05,0.0064591034315526485,0.9301075339317322,2,705,,,,
2.1489362716674805,4.0499999158782884e-05,0.010708751156926155,0.9120879173278809,2,706,,,,
2.151975631713867,4.0499999158782884e-05,0.00854856614023447,0.8908045887947083,2,707,,,,
2.155015230178833,4.0499999158782884e-05,0.006046733818948269,0.9365558624267578,2,708,,,,
2.158054828643799,4.0499999158782884e-05,0.0052164834924042225,0.9403409361839294,2,709,,,,
2.1610941886901855,4.0499999158782884e-05,0.006036199163645506,0.9725610017776489,2,710,,,,
2.1641337871551514,4.0499999158782884e-05,0.005748575087636709,0.9669967293739319,2,711,,,,
2.167173147201538,4.0499999158782884e-05,0.00835894700139761,0.9452449679374695,2,712,,,,
2.170212745666504,4.0499999158782884e-05,0.007140271831303835,0.9517426490783691,2,713,,,,
2.1732523441314697,4.0499999158782884e-05,0.006344630382955074,0.9262295365333557,2,714,,,,
2.1762917041778564,4.0499999158782884e-05,0.005974195897579193,0.9510086178779602,2,715,,,,
2.1793313026428223,4.0499999158782884e-05,0.010524051263928413,0.8536585569381714,2,716,,,,
2.182370901107788,4.0499999158782884e-05,0.010680684819817543,0.8963730335235596,2,717,,,,
2.185410261154175,4.0499999158782884e-05,0.009360330179333687,0.8963414430618286,2,718,,,,
2.1884498596191406,4.0499999158782884e-05,0.00717280525714159,0.919881284236908,2,719,,,,
2.1914894580841064,4.0499999158782884e-05,0.008376998826861382,0.915068507194519,2,720,,,,
2.194528818130493,4.0499999158782884e-05,0.0061852834187448025,0.9534883499145508,2,721,,,,
2.194528818130493,4.0499999158782884e-05,,,2,721,0.01785288192331791,0.8857982754707336,87.91643250046307,68.21728557075265
2.197568416595459,4.0499999158782884e-05,0.008588633500039577,0.93388432264328,2,722,,,,
2.200608015060425,4.0499999158782884e-05,0.00868851039558649,0.9223880767822266,2,723,,,,
2.2036473751068115,4.0499999158782884e-05,0.005764891859143972,0.941690981388092,2,724,,,,
2.2066869735717773,4.0499999158782884e-05,0.008581968955695629,0.9130434989929199,2,725,,,,
2.209726333618164,4.0499999158782884e-05,0.008396835997700691,0.895061731338501,2,726,,,,
2.21276593208313,4.0499999158782884e-05,0.009797560051083565,0.9120879173278809,2,727,,,,
2.2158055305480957,4.0499999158782884e-05,0.005299345590174198,0.9278350472450256,2,728,,,,
2.2188448905944824,4.0499999158782884e-05,0.007482753600925207,0.9012739062309265,2,729,,,,
2.2218844890594482,4.0499999158782884e-05,0.012357717379927635,0.8829787373542786,2,730,,,,
2.224924087524414,4.0499999158782884e-05,0.01284118089824915,0.8790931701660156,2,731,,,,
2.227963447570801,4.0499999158782884e-05,0.006002781912684441,0.9422492384910583,2,732,,,,
2.2310030460357666,4.0499999158782884e-05,0.004669248592108488,0.95652174949646,2,733,,,,
2.2340426445007324,4.0499999158782884e-05,0.00982492696493864,0.9164882302284241,2,734,,,,
2.237082004547119,4.0499999158782884e-05,0.005502852611243725,0.9642857313156128,2,735,,,,
2.240121603012085,4.0499999158782884e-05,0.010319478809833527,0.9331550598144531,2,736,,,,
2.243161201477051,4.0499999158782884e-05,0.005485720466822386,0.9391025900840759,2,737,,,,
2.2462005615234375,4.0499999158782884e-05,0.008521503768861294,0.9174528121948242,2,738,,,,
2.2492401599884033,4.0499999158782884e-05,0.0060218097642064095,0.9272152185440063,2,739,,,,
2.25227952003479,4.0499999158782884e-05,0.006740409880876541,0.9169139266014099,2,740,,,,
2.255319118499756,4.0499999158782884e-05,0.009482022374868393,0.8633540272712708,2,741,,,,
2.2583587169647217,4.0499999158782884e-05,0.006925421301275492,0.926153838634491,2,742,,,,
2.2613980770111084,4.0499999158782884e-05,0.007720021530985832,0.8907363414764404,2,743,,,,
2.264437675476074,4.0499999158782884e-05,0.008123659528791904,0.8935185074806213,2,744,,,,
2.26747727394104,4.0499999158782884e-05,0.009600789286196232,0.8804348111152649,2,745,,,,
2.2705166339874268,4.0499999158782884e-05,0.006196481175720692,0.9415204524993896,2,746,,,,
2.2735562324523926,4.0499999158782884e-05,0.009662053547799587,0.9421296119689941,2,747,,,,
2.2765958309173584,4.0499999158782884e-05,0.011396372690796852,0.9059139490127563,2,748,,,,
2.279635190963745,4.0499999158782884e-05,0.006277944892644882,0.955503523349762,2,749,,,,
2.282674789428711,4.0499999158782884e-05,0.00786485243588686,0.9283746480941772,2,750,,,,
2.2857143878936768,4.0499999158782884e-05,0.008359887637197971,0.9438444972038269,2,751,,,,
2.2887537479400635,4.0499999158782884e-05,0.005584839731454849,0.9418604373931885,2,752,,,,
2.2917933464050293,4.0499999158782884e-05,0.007765938062220812,0.9021739363670349,2,753,,,,
2.2917933464050293,4.0499999158782884e-05,,,2,753,0.01809370331466198,0.8721846342086792,88.0466459438425,68.33233732279106
2.294832944869995,4.0499999158782884e-05,0.008066447451710701,0.9415384531021118,2,754,,,,
2.297872304916382,4.0499999158782884e-05,0.008981065824627876,0.8960738778114319,2,755,,,,
2.3009119033813477,4.0499999158782884e-05,0.00851995125412941,0.908108115196228,2,756,,,,
2.3039512634277344,4.0499999158782884e-05,0.007891646586358547,0.8942307829856873,2,757,,,,
2.3069908618927,4.0499999158782884e-05,0.009330256842076778,0.9019607901573181,2,758,,,,
2.310030460357666,4.0499999158782884e-05,0.009827272966504097,0.9206730723381042,2,759,,,,
2.3130698204040527,4.0499999158782884e-05,0.005877187941223383,0.9514563083648682,2,760,,,,
2.3161094188690186,4.0499999158782884e-05,0.006554838269948959,0.9269005656242371,2,761,,,,
2.3191490173339844,4.0499999158782884e-05,0.008705263957381248,0.9265536665916443,2,762,,,,
2.322188377380371,4.0499999158782884e-05,0.009389838203787804,0.9102563858032227,2,763,,,,
2.325227975845337,4.0499999158782884e-05,0.00730828195810318,0.8879055976867676,2,764,,,,
2.3282675743103027,4.0499999158782884e-05,0.006986563093960285,0.9129353165626526,2,765,,,,
2.3313069343566895,4.0499999158782884e-05,0.007307791151106358,0.9369369149208069,2,766,,,,
2.3343465328216553,4.0499999158782884e-05,0.007095242850482464,0.9295774698257446,2,767,,,,
2.337386131286621,4.0499999158782884e-05,0.009591969661414623,0.9141274094581604,2,768,,,,
2.340425491333008,4.0499999158782884e-05,0.004622164182364941,0.9756097793579102,2,769,,,,
2.3434650897979736,4.0499999158782884e-05,0.0063833859749138355,0.9556135535240173,2,770,,,,
2.3465044498443604,4.0499999158782884e-05,0.004929342772811651,0.9228295683860779,2,771,,,,
2.349544048309326,4.0499999158782884e-05,0.00574449123814702,0.9193548560142517,2,772,,,,
2.352583646774292,4.0499999158782884e-05,0.00926270242780447,0.8402062058448792,2,773,,,,
2.3556230068206787,4.0499999158782884e-05,0.007502375170588493,0.9479451775550842,2,774,,,,
2.3586626052856445,4.0499999158782884e-05,0.008143329992890358,0.9314285516738892,2,775,,,,
2.3617022037506104,4.0499999158782884e-05,0.008337069302797318,0.9150943160057068,2,776,,,,
2.364741563796997,4.0499999158782884e-05,0.007543834391981363,0.9179487228393555,2,777,,,,
2.367781162261963,4.0499999158782884e-05,0.005223707761615515,0.9591836929321289,2,778,,,,
2.3708207607269287,4.0499999158782884e-05,0.00652686320245266,0.9140127301216125,2,779,,,,
2.3738601207733154,4.0499999158782884e-05,0.00868055410683155,0.9061583280563354,2,780,,,,
2.3768997192382812,4.0499999158782884e-05,0.005376215558499098,0.9457626938819885,2,781,,,,
2.379939317703247,4.0499999158782884e-05,0.00537492660805583,0.9480874538421631,2,782,,,,
2.382978677749634,4.0499999158782884e-05,0.006036642473191023,0.9367088675498962,2,783,,,,
2.3860182762145996,4.0499999158782884e-05,0.01065915822982788,0.9117646813392639,2,784,,,,
2.3890576362609863,4.0499999158782884e-05,0.007612010929733515,0.9313983917236328,2,785,,,,
2.3890576362609863,4.0499999158782884e-05,,,2,785,0.017999403178691864,0.8786265850067139,88.19824005884254,68.36387176699311
2.392097234725952,4.0499999158782884e-05,0.006570370867848396,0.9459459185600281,2,786,,,,
2.395136833190918,4.0499999158782884e-05,0.007753167301416397,0.9214285612106323,2,787,,,,
2.3981761932373047,4.0499999158782884e-05,0.010248376056551933,0.9088729023933411,2,788,,,,
2.4012157917022705,4.0499999158782884e-05,0.005860189441591501,0.9456868767738342,2,789,,,,
2.4042553901672363,4.0499999158782884e-05,0.007155656348913908,0.9090909361839294,2,790,,,,
2.407294750213623,4.0499999158782884e-05,0.010475262999534607,0.914893627166748,2,791,,,,
2.410334348678589,4.0499999158782884e-05,0.010606920346617699,0.9146666526794434,2,792,,,,
2.4133739471435547,4.0499999158782884e-05,0.00584894884377718,0.9047619104385376,2,793,,,,
2.4164133071899414,4.0499999158782884e-05,0.0076859272085130215,0.9311294555664062,2,794,,,,
2.4194529056549072,4.0499999158782884e-05,0.01098012737929821,0.9136125445365906,2,795,,,,
2.422492504119873,4.0499999158782884e-05,0.00744148064404726,0.9047619104385376,2,796,,,,
2.4255318641662598,4.0499999158782884e-05,0.007246812339872122,0.9333333373069763,2,797,,,,
2.4285714626312256,4.0499999158782884e-05,0.009350712411105633,0.905370831489563,2,798,,,,
2.4316110610961914,4.0499999158782884e-05,0.004317298065871,0.961309552192688,2,799,,,,
2.434650421142578,4.0499999158782884e-05,0.008176312781870365,0.934472918510437,2,800,,,,
2.437690019607544,4.0499999158782884e-05,0.007542886771261692,0.9450549483299255,2,801,,,,
2.4407293796539307,4.0499999158782884e-05,0.0046200742945075035,0.9786666631698608,2,802,,,,
2.4437689781188965,4.0499999158782884e-05,0.008792037144303322,0.9410377144813538,2,803,,,,
2.4468085765838623,4.0499999158782884e-05,0.008038538508117199,0.9210526347160339,2,804,,,,
2.449847936630249,4.0499999158782884e-05,0.008616309612989426,0.9173553586006165,2,805,,,,
2.452887535095215,4.0499999158782884e-05,0.008695504628121853,0.922879159450531,2,806,,,,
2.4559271335601807,4.0499999158782884e-05,0.011233550496399403,0.9407265782356262,2,807,,,,
2.4589664936065674,4.0499999158782884e-05,0.0049502430483698845,0.9545454382896423,2,808,,,,
2.462006092071533,4.0499999158782884e-05,0.01296041626483202,0.8486647009849548,2,809,,,,
2.465045690536499,4.0499999158782884e-05,0.010488003492355347,0.8921568393707275,2,810,,,,
2.4680850505828857,4.0499999158782884e-05,0.007034607231616974,0.9258311986923218,2,811,,,,
2.4711246490478516,4.0499999158782884e-05,0.003955964930355549,0.9614148139953613,2,812,,,,
2.4741642475128174,4.0499999158782884e-05,0.007663936819881201,0.9082840085029602,2,813,,,,
2.477203607559204,4.0499999158782884e-05,0.006401908118277788,0.9430692791938782,2,814,,,,
2.48024320602417,4.0499999158782884e-05,0.005129387602210045,0.9384236335754395,2,815,,,,
2.4832825660705566,4.0499999158782884e-05,0.005039081443101168,0.9265536665916443,2,816,,,,
2.4863221645355225,4.0499999158782884e-05,0.008416522294282913,0.9149425029754639,2,817,,,,
2.4863221645355225,4.0499999158782884e-05,,,2,817,0.017828794196248055,0.8826306462287903,88.03927486444304,68.17155584654238
2.4893617630004883,4.0499999158782884e-05,0.007527787238359451,0.9324324131011963,2,818,,,,
2.492401123046875,4.0499999158782884e-05,0.011234506964683533,0.8528528809547424,2,819,,,,
2.495440721511841,4.0499999158782884e-05,0.005617510061711073,0.9257950782775879,2,820,,,,
2.4984803199768066,4.0499999158782884e-05,0.007466829847544432,0.9326145648956299,2,821,,,,
2.5015196800231934,4.0499999158782884e-05,0.01702016592025757,0.8783783912658691,2,822,,,,
2.504559278488159,4.0499999158782884e-05,0.005177593324333429,0.9745222926139832,2,823,,,,
2.507598876953125,4.0499999158782884e-05,0.006929589901119471,0.9364640712738037,2,824,,,,
2.5106382369995117,4.0499999158782884e-05,0.004406922496855259,0.9595588445663452,2,825,,,,
2.5136778354644775,4.0499999158782884e-05,0.007953261956572533,0.9152047038078308,2,826,,,,
2.5167174339294434,4.0499999158782884e-05,0.008262529037892818,0.90625,2,827,,,,
2.51975679397583,4.0499999158782884e-05,0.007722415030002594,0.9211267828941345,2,828,,,,
2.522796392440796,4.0499999158782884e-05,0.006344340275973082,0.9242424368858337,2,829,,,,
2.5258357524871826,4.0499999158782884e-05,0.0074835834093391895,0.9335260391235352,2,830,,,,
2.5288753509521484,4.0499999158782884e-05,0.005207350477576256,0.9738562107086182,2,831,,,,
2.5319149494171143,4.0499999158782884e-05,0.006289737764745951,0.9407745003700256,2,832,,,,
2.534954309463501,4.0499999158782884e-05,0.011114286258816719,0.9219089150428772,2,833,,,,
2.537993907928467,4.0499999158782884e-05,0.00743695767596364,0.9280742406845093,2,834,,,,
2.5410335063934326,4.0499999158782884e-05,0.0073716784827411175,0.8981481194496155,2,835,,,,
2.5440728664398193,4.0499999158782884e-05,0.005753593519330025,0.9345794320106506,2,836,,,,
2.547112464904785,4.0499999158782884e-05,0.005105684977024794,0.9372937083244324,2,837,,,,
2.550152063369751,4.0499999158782884e-05,0.007536964025348425,0.9097937941551208,2,838,,,,
2.5531914234161377,4.0499999158782884e-05,0.005854421760886908,0.9357541799545288,2,839,,,,
2.5562310218811035,4.0499999158782884e-05,0.009767702780663967,0.9100528955459595,2,840,,,,
2.5592706203460693,4.0499999158782884e-05,0.008230491541326046,0.9350649118423462,2,841,,,,
2.562309980392456,4.0499999158782884e-05,0.004672124981880188,0.9433333277702332,2,842,,,,
2.565349578857422,4.0499999158782884e-05,0.011301066726446152,0.927107036113739,2,843,,,,
2.5683889389038086,4.0499999158782884e-05,0.007461917120963335,0.9276807904243469,2,844,,,,
2.5714285373687744,4.0499999158782884e-05,0.004978512413799763,0.9254658222198486,2,845,,,,
2.5744681358337402,4.0499999158782884e-05,0.005313050467520952,0.9629629850387573,2,846,,,,
2.577507495880127,4.0499999158782884e-05,0.008624168112874031,0.914826512336731,2,847,,,,
2.5805470943450928,4.0499999158782884e-05,0.009037548676133156,0.9003021121025085,2,848,,,,
2.5835866928100586,4.0499999158782884e-05,0.006314207334071398,0.9317507147789001,2,849,,,,
2.5835866928100586,4.0499999158782884e-05,,,2,849,0.01838281936943531,0.8612572550773621,88.03883683558666,68.14814520837118
2.5866260528564453,4.0499999158782884e-05,0.005854958668351173,0.9414758086204529,2,850,,,,
2.589665651321411,4.0499999158782884e-05,0.003890050807967782,0.9680232405662537,2,851,,,,
2.592705249786377,4.0499999158782884e-05,0.00777687132358551,0.9164178967475891,2,852,,,,
2.5957446098327637,4.0499999158782884e-05,0.006770727690309286,0.9255319237709045,2,853,,,,
2.5987842082977295,4.0499999158782884e-05,0.011988540180027485,0.9033148884773254,2,854,,,,
2.6018238067626953,4.0499999158782884e-05,0.0052368915639817715,0.939393937587738,2,855,,,,
2.604863166809082,4.0499999158782884e-05,0.009058114141225815,0.9228650331497192,2,856,,,,
2.607902765274048,4.0499999158782884e-05,0.008757087402045727,0.9313187003135681,2,857,,,,
2.6109423637390137,4.0499999158782884e-05,0.011379118077456951,0.8963585495948792,2,858,,,,
2.6139817237854004,4.0499999158782884e-05,0.016036052256822586,0.8873786330223083,2,859,,,,
2.617021322250366,4.0499999158782884e-05,0.007341500837355852,0.925815999507904,2,860,,,,
2.620060682296753,4.0499999158782884e-05,0.006428483407944441,0.9413265585899353,2,861,,,,
2.6231002807617188,4.0499999158782884e-05,0.00538345193490386,0.9290540814399719,2,862,,,,
2.6261398792266846,4.0499999158782884e-05,0.006311540026217699,0.9431818127632141,2,863,,,,
2.6291792392730713,4.0499999158782884e-05,0.007645223755389452,0.8948863744735718,2,864,,,,
2.632218837738037,4.0499999158782884e-05,0.011267568916082382,0.8488063812255859,2,865,,,,
2.635258436203003,4.0499999158782884e-05,0.007491587195545435,0.9019073843955994,2,866,,,,
2.6382977962493896,4.0499999158782884e-05,0.007810062263160944,0.9353932738304138,2,867,,,,
2.6413373947143555,4.0499999158782884e-05,0.008540288545191288,0.9233038425445557,2,868,,,,
2.6443769931793213,4.0499999158782884e-05,0.007378329057246447,0.9411764740943909,2,869,,,,
2.647416353225708,4.0499999158782884e-05,0.00931803323328495,0.9464788436889648,2,870,,,,
2.650455951690674,4.0499999158782884e-05,0.011874939315021038,0.9120879173278809,2,871,,,,
2.6534955501556396,4.0499999158782884e-05,0.009072474204003811,0.9192200303077698,2,872,,,,
2.6565349102020264,4.0499999158782884e-05,0.011788907460868359,0.917475700378418,2,873,,,,
2.659574508666992,4.0499999158782884e-05,0.005172885023057461,0.9451219439506531,2,874,,,,
2.662613868713379,4.0499999158782884e-05,0.007142369635403156,0.9080459475517273,2,875,,,,
2.6656534671783447,4.0499999158782884e-05,0.007877010852098465,0.9005101919174194,2,876,,,,
2.6686930656433105,4.0499999158782884e-05,0.005943839903920889,0.9363636374473572,2,877,,,,
2.6717324256896973,4.0499999158782884e-05,0.009723915718495846,0.8914141654968262,2,878,,,,
2.674772024154663,4.0499999158782884e-05,0.008821973577141762,0.8947368264198303,2,879,,,,
2.677811622619629,4.0499999158782884e-05,0.007387849036604166,0.9047619104385376,2,880,,,,
2.6808509826660156,4.0499999158782884e-05,0.006662564817816019,0.9407216310501099,2,881,,,,
2.6808509826660156,4.0499999158782884e-05,,,2,881,0.017833149060606956,0.8668480515480042,87.52137047550944,68.04092037628136
2.6838905811309814,4.0499999158782884e-05,0.008120999671518803,0.9264705777168274,2,882,,,,
2.6869301795959473,4.0499999158782884e-05,0.010444233193993568,0.9065656661987305,2,883,,,,
2.689969539642334,4.0499999158782884e-05,0.008716147392988205,0.9337176084518433,2,884,,,,
2.6930091381073,4.0499999158782884e-05,0.01127391867339611,0.905339777469635,2,885,,,,
2.6960487365722656,4.0499999158782884e-05,0.006341125816106796,0.9426229596138,2,886,,,,
2.6990880966186523,4.0499999158782884e-05,0.00897966232150793,0.9133663177490234,2,887,,,,
2.702127695083618,4.0499999158782884e-05,0.008673389442265034,0.8999999761581421,2,888,,,,
2.705167055130005,4.0499999158782884e-05,0.006642163265496492,0.9292035102844238,2,889,,,,
2.7082066535949707,4.0499999158782884e-05,0.010573395527899265,0.8987951874732971,2,890,,,,
2.7112462520599365,4.0499999158782884e-05,0.011454836465418339,0.8999999761581421,2,891,,,,
2.7142856121063232,4.0499999158782884e-05,0.009228312410414219,0.9037266969680786,2,892,,,,
2.717325210571289,4.0499999158782884e-05,0.008434891700744629,0.9434447288513184,2,893,,,,
2.720364809036255,4.0499999158782884e-05,0.012620696797966957,0.9287304878234863,2,894,,,,
2.7234041690826416,4.0499999158782884e-05,0.010234761983156204,0.8938547372817993,2,895,,,,
2.7264437675476074,4.0499999158782884e-05,0.005936399567872286,0.9215686321258545,2,896,,,,
2.7294833660125732,4.0499999158782884e-05,0.004077622666954994,0.9634551405906677,2,897,,,,
2.73252272605896,4.0499999158782884e-05,0.007583986036479473,0.8846153616905212,2,898,,,,
2.735562324523926,4.0499999158782884e-05,0.0058885361067950726,0.9458598494529724,2,899,,,,
2.7386019229888916,4.0499999158782884e-05,0.009018405340611935,0.9137380123138428,2,900,,,,
2.7416412830352783,4.0499999158782884e-05,0.006583236623555422,0.9576059579849243,2,901,,,,
2.744680881500244,4.0499999158782884e-05,0.006363504566252232,0.9441340565681458,2,902,,,,
2.74772047996521,4.0499999158782884e-05,0.007745116483420134,0.9477124214172363,2,903,,,,
2.7507598400115967,4.0499999158782884e-05,0.004193466156721115,0.973607063293457,2,904,,,,
2.7537994384765625,4.0499999158782884e-05,0.007372482679784298,0.9073171019554138,2,905,,,,
2.756838798522949,4.0499999158782884e-05,0.009023074992001057,0.9074627161026001,2,906,,,,
2.759878396987915,4.0499999158782884e-05,0.005156389903277159,0.9418604373931885,2,907,,,,
2.762917995452881,4.0499999158782884e-05,0.006887915078550577,0.9571428298950195,2,908,,,,
2.7659573554992676,4.0499999158782884e-05,0.008679116144776344,0.9336734414100647,2,909,,,,
2.7689969539642334,4.0499999158782884e-05,0.005508379079401493,0.93438321352005,2,910,,,,
2.772036552429199,4.0499999158782884e-05,0.013798882253468037,0.8854625821113586,2,911,,,,
2.775075912475586,4.0499999158782884e-05,0.005719881039112806,0.9614243507385254,2,912,,,,
2.7781155109405518,4.0499999158782884e-05,0.00802353024482727,0.909375011920929,2,913,,,,
2.7781155109405518,4.0499999158782884e-05,,,2,913,0.018091397359967232,0.8652392029762268,87.90849282899225,68.61690143514507
2.7811551094055176,4.0499999158782884e-05,0.010670552961528301,0.8753180503845215,2,914,,,,
2.7841944694519043,4.0499999158782884e-05,0.009002706967294216,0.9022346138954163,2,915,,,,
2.78723406791687,4.0499999158782884e-05,0.004815739579498768,0.9624277353286743,2,916,,,,
2.790273666381836,4.0499999158782884e-05,0.007327251136302948,0.9424460530281067,2,917,,,,
2.7933130264282227,4.0499999158782884e-05,0.00897655263543129,0.920634925365448,2,918,,,,
2.7963526248931885,4.0499999158782884e-05,0.005712022539228201,0.9472140669822693,2,919,,,,
2.799391984939575,4.0499999158782884e-05,0.006678736303001642,0.942307710647583,2,920,,,,
2.802431583404541,4.0499999158782884e-05,0.007584002800285816,0.9339853525161743,2,921,,,,
2.805471181869507,4.0499999158782884e-05,0.009305338375270367,0.9120879173278809,2,922,,,,
2.8085105419158936,4.0499999158782884e-05,0.008853353559970856,0.9020172953605652,2,923,,,,
2.8115501403808594,4.0499999158782884e-05,0.009518696926534176,0.8650519251823425,2,924,,,,
2.814589738845825,4.0499999158782884e-05,0.00777897285297513,0.8805969953536987,2,925,,,,
2.817629098892212,4.0499999158782884e-05,0.00890054926276207,0.8913043737411499,2,926,,,,
2.8206686973571777,4.0499999158782884e-05,0.009489665739238262,0.9359331727027893,2,927,,,,
2.8237082958221436,4.0499999158782884e-05,0.00785922072827816,0.9483282566070557,2,928,,,,
2.8267476558685303,4.0499999158782884e-05,0.005079268477857113,0.9110320210456848,2,929,,,,
2.829787254333496,4.0499999158782884e-05,0.006033868528902531,0.9491094350814819,2,930,,,,
2.832826852798462,4.0499999158782884e-05,0.006743480917066336,0.9528023600578308,2,931,,,,
2.8358662128448486,4.0499999158782884e-05,0.006225955206900835,0.9351851940155029,2,932,,,,
2.8389058113098145,4.0499999158782884e-05,0.007671697530895472,0.9204545617103577,2,933,,,,
2.841945171356201,4.0499999158782884e-05,0.005919741000980139,0.9076433181762695,2,934,,,,
2.844984769821167,4.0499999158782884e-05,0.010364806279540062,0.9066389799118042,2,935,,,,
2.848024368286133,4.0499999158782884e-05,0.01003121118992567,0.9046321511268616,2,936,,,,
2.8510637283325195,4.0499999158782884e-05,0.00890086404979229,0.9274448156356812,2,937,,,,
2.8541033267974854,4.0499999158782884e-05,0.008058448322117329,0.9042553305625916,2,938,,,,
2.857142925262451,4.0499999158782884e-05,0.007546533830463886,0.9355509281158447,2,939,,,,
2.860182285308838,4.0499999158782884e-05,0.008165842853486538,0.942148745059967,2,940,,,,
2.8632218837738037,4.0499999158782884e-05,0.0073258113116025925,0.9424657821655273,2,941,,,,
2.8662614822387695,4.0499999158782884e-05,0.008728578686714172,0.912466824054718,2,942,,,,
2.8693008422851562,4.0499999158782884e-05,0.007897789590060711,0.9168900847434998,2,943,,,,
2.872340440750122,4.0499999158782884e-05,0.00663533341139555,0.9552715420722961,2,944,,,,
2.875380039215088,4.0499999158782884e-05,0.006127370987087488,0.937158465385437,2,945,,,,
2.875380039215088,4.0499999158782884e-05,,,2,945,0.016922803595662117,0.8798276782035828,88.57974597553711,69.2753643494727
2.8784193992614746,4.0499999158782884e-05,0.009421281516551971,0.9014084339141846,2,946,,,,
2.8814589977264404,4.0499999158782884e-05,0.0052551403641700745,0.9518413543701172,2,947,,,,
2.8844985961914062,4.0499999158782884e-05,0.008752110414206982,0.948586106300354,2,948,,,,
2.887537956237793,4.0499999158782884e-05,0.00751913757994771,0.9410112500190735,2,949,,,,
2.890577554702759,4.0499999158782884e-05,0.008323997259140015,0.9017857313156128,2,950,,,,
2.8936169147491455,4.0499999158782884e-05,0.007675296626985073,0.925000011920929,2,951,,,,
2.8966565132141113,4.0499999158782884e-05,0.008166596293449402,0.8973104953765869,2,952,,,,
2.899696111679077,4.0499999158782884e-05,0.008573612198233604,0.939393937587738,2,953,,,,
2.902735471725464,4.0499999158782884e-05,0.0070241657085716724,0.926630437374115,2,954,,,,
2.9057750701904297,4.0499999158782884e-05,0.010424134321510792,0.9195122122764587,2,955,,,,
2.9088146686553955,4.0499999158782884e-05,0.007945870980620384,0.9028571248054504,2,956,,,,
2.9118540287017822,4.0499999158782884e-05,0.007778889965265989,0.916883111000061,2,957,,,,
2.914893627166748,4.0499999158782884e-05,0.0045488374307751656,0.962382435798645,2,958,,,,
2.917933225631714,4.0499999158782884e-05,0.010150031186640263,0.9350961446762085,2,959,,,,
2.9209725856781006,4.0499999158782884e-05,0.00492383586242795,0.9575070738792419,2,960,,,,
2.9240121841430664,4.0499999158782884e-05,0.007122635841369629,0.9504373073577881,2,961,,,,
2.9270517826080322,4.0499999158782884e-05,0.006327051669359207,0.9371727705001831,2,962,,,,
2.930091142654419,4.0499999158782884e-05,0.007205512374639511,0.9137930870056152,2,963,,,,
2.9331307411193848,4.0499999158782884e-05,0.005758137442171574,0.9710982441902161,2,964,,,,
2.9361701011657715,4.0499999158782884e-05,0.010892447084188461,0.8796791434288025,2,965,,,,
2.9392096996307373,4.0499999158782884e-05,0.010088354349136353,0.901098906993866,2,966,,,,
2.942249298095703,4.0499999158782884e-05,0.007073329761624336,0.919889509677887,2,967,,,,
2.94528865814209,4.0499999158782884e-05,0.004538731183856726,0.9779874086380005,2,968,,,,
2.9483282566070557,4.0499999158782884e-05,0.007320153992623091,0.934097409248352,2,969,,,,
2.9513678550720215,4.0499999158782884e-05,0.007513290271162987,0.9378238320350647,2,970,,,,
2.954407215118408,4.0499999158782884e-05,0.007108062040060759,0.9083769917488098,2,971,,,,
2.957446813583374,4.0499999158782884e-05,0.007225428707897663,0.9470751881599426,2,972,,,,
2.96048641204834,4.0499999158782884e-05,0.015314004383981228,0.9325000047683716,2,973,,,,
2.9635257720947266,4.0499999158782884e-05,0.011374305933713913,0.8940568566322327,2,974,,,,
2.9665653705596924,4.0499999158782884e-05,0.005785613786429167,0.9456264972686768,2,975,,,,
2.969604969024658,4.0499999158782884e-05,0.0064756786450743675,0.920634925365448,2,976,,,,
2.972644329071045,4.0499999158782884e-05,0.006458231247961521,0.9168975353240967,2,977,,,,
2.972644329071045,4.0499999158782884e-05,,,2,977,0.018893301486968994,0.8475474119186401,88.11507063218517,68.78773961765731
2.9756839275360107,4.0499999158782884e-05,0.009307836182415485,0.8866994976997375,2,978,,,,
2.9787232875823975,4.0499999158782884e-05,0.009614197537302971,0.887499988079071,2,979,,,,
2.9817628860473633,4.0499999158782884e-05,0.009238023310899734,0.9179487228393555,2,980,,,,
2.984802484512329,4.0499999158782884e-05,0.01041547954082489,0.8731343150138855,2,981,,,,
2.987841844558716,4.0499999158782884e-05,0.005935354623943567,0.9413793087005615,2,982,,,,
2.9908814430236816,4.0499999158782884e-05,0.007168893236666918,0.9317507147789001,2,983,,,,
2.9939210414886475,4.0499999158782884e-05,0.008663535118103027,0.9386503100395203,2,984,,,,
2.996960401535034,4.0499999158782884e-05,0.008197283372282982,0.8958904147148132,2,985,,,,
3.0,3.6450001061894e-05,0.011294238269329071,0.8867924809455872,2,986,,,,
